hidden_layer_1,hidden_layer_2,learning_rate,beta,epsilon_multiplier,epsilon,number_of_clusters,number_of_outliers,outlier_percentage,smallest_cluster_size,silhouette_score,davies_bouldin_index,calinski_harabasz_index,valid_model,silhouette_rank,davies_bouldin_rank,calinski_harabasz_rank,combined_rank
256,128,0.0004,0.25,0.9,0.056687953496451914,21,241,3.066547906858379,51,0.9384878277778625,0.1446306050100466,635372.705302155,True,10.0,7.0,2.0,19.0
256,128,0.0004,0.25,0.8,0.05038929199684614,22,294,3.7409339610637486,51,0.9367043972015381,0.14572613717286811,775076.8049694984,True,12.0,8.0,1.0,21.0
128,64,0.0008,0.25,0.8,0.11640059719851521,19,210,2.672095686474106,51,0.9469493627548218,0.16275011603641132,623995.9243250876,True,2.0,19.0,4.0,25.0
256,128,0.0004,0.25,1.0,0.06298661499605768,21,229,2.9138567247741443,51,0.9377456307411194,0.1505811688095816,628250.3296370461,True,11.0,11.0,3.0,25.0
256,128,0.001,0.25,0.8,0.18123693562276233,16,331,4.211731772490139,51,0.951768159866333,0.16515106393371587,567286.9894753061,True,1.0,25.0,7.0,33.0
128,64,0.0008,0.2,0.8,0.09822277888705787,17,254,3.2319633541162998,51,0.9419991374015808,0.15707942774472852,510450.4717230596,True,6.0,13.0,16.0,35.0
256,128,0.0003,0.25,0.8,0.05140598841009036,22,227,2.8884081944267717,51,0.9346935749053955,0.1505491254025352,549567.8966360575,True,16.0,10.0,10.0,36.0
128,64,0.0004,0.2,0.8,0.09622740191986956,18,238,3.0283751113373203,56,0.9391136765480042,0.14971941533479255,438288.5161945951,True,9.0,9.0,20.0,38.0
128,64,0.0008,0.2,0.9,0.11050062624794009,17,252,3.206514823768927,51,0.9418632984161377,0.15851386813243917,509192.20405463484,True,7.0,14.0,17.0,38.0
128,64,0.0008,0.2,1.0,0.12277847360882232,17,250,3.181066293421555,51,0.9416764378547668,0.16045727201858362,506284.4981148224,True,8.0,16.0,18.0,42.0
256,128,0.0003,0.25,0.9,0.057831736961351646,22,213,2.710268481995165,51,0.933687150478363,0.1541699350369626,537760.5185868406,True,19.0,12.0,12.0,43.0
256,128,0.0007,0.25,0.8,0.015126755035027046,6,48,0.6107647283369385,424,0.9259098768234253,0.07790664821555278,542327.9829027529,True,36.0,1.0,11.0,48.0
128,64,0.0008,0.25,0.9,0.13095067184832962,20,151,1.921364041226619,51,0.9441409707069397,0.19466545342725555,579573.0707553333,True,4.0,42.0,5.0,51.0
256,128,0.0007,0.25,0.9,0.017017599414405428,6,35,0.4453492810790177,424,0.925311267375946,0.07828456860267191,534056.4896338899,True,37.0,2.0,14.0,53.0
128,64,0.0008,0.25,1.0,0.145500746498144,20,150,1.9086397760529328,51,0.9440658688545227,0.19527369316221477,577503.6586690428,True,5.0,43.0,6.0,54.0
256,128,0.0007,0.25,1.0,0.018908443793783807,6,22,0.2799338338210969,424,0.9247094988822937,0.07863194135285162,524216.3948045112,True,40.0,3.0,15.0,58.0
256,128,0.0002,0.2,0.8,0.04315537924295274,19,292,3.715485430716376,51,0.9295213222503662,0.11340110300106465,375798.4988929168,True,29.0,4.0,29.0,62.0
128,64,0.0005,0.2,0.8,0.10665873197867737,17,289,3.677312635195318,51,0.9340552091598511,0.1650885119799643,409526.127841209,True,17.0,24.0,22.0,63.0
256,128,0.0002,0.2,0.9,0.04854980164832184,19,270,3.4355515968952797,51,0.9288187026977539,0.11442706640147716,366330.1533505691,True,32.0,5.0,30.0,67.0
128,64,0.0004,0.2,0.9,0.10825582715985325,18,184,2.3412647919582645,63,0.9358163475990295,0.1755592346715422,405221.41891435836,True,13.0,32.0,24.0,69.0
256,128,0.0002,0.2,1.0,0.053944224053690926,19,252,3.206514823768927,51,0.9277872443199158,0.11646755438237487,355006.24405904213,True,34.0,6.0,32.0,72.0
128,64,0.0004,0.2,1.0,0.12028425239983695,18,182,2.315816261610892,63,0.9356645941734314,0.1766056307159441,402816.97303316125,True,14.0,35.0,25.0,74.0
128,64,0.0005,0.2,0.9,0.11999107347601204,18,237,3.0156508461636338,51,0.9326078295707703,0.17207793135617588,382864.4839360183,True,24.0,29.0,26.0,79.0
256,128,0.0003,0.25,1.0,0.06425748551261294,23,117,1.4887390253212875,51,0.9293068051338196,0.17590821853459943,495869.49813153985,True,31.0,33.0,19.0,83.0
128,64,0.0005,0.2,1.0,0.1333234149733467,18,227,2.8884081944267717,51,0.9323060512542725,0.17441521086659711,379946.44511110877,True,25.0,31.0,27.0,83.0
256,128,0.0005,0.2,0.8,0.19011157277544447,20,127,1.6159816770581499,64,0.9340274333953857,0.1924892911075909,296644.3129109366,True,18.0,40.0,40.0,98.0
128,64,0.0007,0.2,0.8,0.2034356489770259,19,164,2.08677948848454,51,0.9335984587669373,0.2020530436182622,300368.6625367467,True,20.0,49.0,38.0,107.0
256,128,0.001,0.25,0.9,0.20389155257560762,17,249,3.168342028247869,51,0.9442585706710815,0.2560548555925935,430141.2989491085,True,3.0,85.0,21.0,109.0
256,128,0.0006,0.25,0.8,0.02332767615803482,10,47,0.5980404631632523,190,0.9027693867683411,0.16311519463674476,564738.0801860671,True,85.0,21.0,8.0,114.0
256,128,0.0006,0.25,0.9,0.02624363567778917,10,36,0.4580735462527039,190,0.9022390842437744,0.1632358334332331,551670.5674470926,True,87.0,22.0,9.0,118.0
256,128,0.0006,0.2,0.8,0.10935380330871747,23,34,0.4326250159053315,51,0.9310136437416077,0.22028583303148164,379199.2108770857,True,26.0,65.0,28.0,119.0
256,128,0.0009,0.2,0.8,0.15016678540779974,24,182,2.315816261610892,51,0.9356160759925842,0.2506382184361892,407809.9524970821,True,15.0,83.0,23.0,121.0
128,64,0.0003,0.2,0.8,0.17522536564619476,16,149,1.8959155108792467,93,0.9214101433753967,0.17771921234462607,305969.51154510264,True,50.0,36.0,36.0,122.0
128,64,0.0002,0.25,0.8,0.12627009564249966,15,107,1.3614963735844254,51,0.9231183528900146,0.18198088287805156,288276.28681006975,True,43.0,38.0,43.0,124.0
256,128,0.0006,0.25,1.0,0.029159595197543523,10,24,0.30538236416846926,190,0.9016613960266113,0.16336802177247617,537055.9867238196,True,91.0,23.0,13.0,127.0
128,64,0.0002,0.25,0.9,0.1420538575978121,15,106,1.3487721084107391,51,0.9230537414550781,0.18226856145254466,287797.373608259,True,44.0,39.0,44.0,127.0
128,64,0.0003,0.15,0.8,0.08617149087501087,15,257,3.2701361496373584,56,0.9225032925605774,0.1728456594068645,255794.0145492158,True,45.0,30.0,52.0,127.0
256,128,0.0008,0.25,0.8,0.15416130435087164,20,137,1.7432243287950122,51,0.9334794878959656,0.2382718027450068,333242.54065415135,True,21.0,75.0,33.0,129.0
128,64,0.0003,0.15,0.9,0.09694292723438723,15,241,3.066547906858379,60,0.9218086004257202,0.17635903082999696,253027.1890863402,True,46.0,34.0,54.0,134.0
256,128,0.0008,0.25,0.9,0.1734314673947306,20,130,1.6541544725792083,51,0.9328486323356628,0.24276419132159646,326658.2677360132,True,23.0,79.0,34.0,136.0
256,128,0.0002,0.25,0.8,0.11349958909663208,16,105,1.336047843237053,52,0.9217910170555115,0.21280233161161974,322571.9651223355,True,47.0,60.0,35.0,142.0
256,128,0.0003,0.2,0.8,0.0650572872869591,24,120,1.5269118208423464,51,0.9165188670158386,0.16595751380928672,220857.70834915366,True,59.0,26.0,58.0,143.0
128,64,0.0003,0.15,1.0,0.10771436359376359,15,228,2.901132459600458,63,0.9212225079536438,0.1799602053152341,251053.41151192522,True,51.0,37.0,56.0,144.0
256,128,0.0005,0.2,0.9,0.21387551937237503,20,89,1.1324596004580736,67,0.9303457736968994,0.22165823809438226,264034.4653956023,True,28.0,67.0,50.0,145.0
128,64,0.0007,0.25,0.8,0.16509620272274547,17,115,1.4632904949739152,51,0.9285008311271667,0.21244749378945313,254160.23219405292,True,33.0,59.0,53.0,145.0
128,64,0.0007,0.2,0.9,0.22886510509915411,19,144,1.8322941850108156,51,0.9306431412696838,0.23342009310380393,268293.0039333599,True,27.0,73.0,47.0,147.0
256,128,0.0003,0.2,0.9,0.073189448197829,24,112,1.4251176994528567,51,0.9160237908363342,0.16675735186743545,217320.80427405852,True,62.0,27.0,59.0,148.0
256,128,0.0009,0.2,0.9,0.1689376335837747,24,156,1.9849853670950504,51,0.9332032799720764,0.27267451970110407,362347.3264866756,True,22.0,95.0,31.0,148.0
128,64,0.0004,0.25,0.8,0.15817393816009317,17,55,0.6998345845527421,94,0.9247457385063171,0.20977644318567223,251830.62407721044,True,39.0,56.0,55.0,150.0
128,64,0.0004,0.15,0.8,0.15599085864300016,19,183,2.328540526784578,51,0.9172402024269104,0.16278163191665007,190597.44415023344,True,57.0,20.0,74.0,151.0
256,128,0.0003,0.2,1.0,0.08132160910869887,24,108,1.3742206387581117,51,0.9157600998878479,0.1678771959322849,216292.74825468514,True,63.0,28.0,62.0,153.0
128,64,0.0002,0.25,1.0,0.15783761955312456,14,103,1.3105993128896807,51,0.9208705425262451,0.20642282397087977,258584.91660637452,True,54.0,55.0,51.0,160.0
128,64,0.0005,0.25,0.8,0.19643913382762812,18,160,2.035882427789795,52,0.924847424030304,0.2532886342189955,275331.8685097371,True,38.0,84.0,45.0,167.0
256,128,0.0002,0.25,0.9,0.1276870377337111,17,15,0.1908639776052933,57,0.9171414375305176,0.2495871627644157,296177.07820649736,True,58.0,82.0,41.0,181.0
128,64,0.0001,0.1,0.8,0.09824167767552681,14,177,2.252194935742461,85,0.9018591642379761,0.16027897640635372,175307.5330137124,True,89.0,15.0,80.0,184.0
128,64,0.0002,0.2,0.8,0.12480386022170636,14,158,2.010433897442423,84,0.9123363494873047,0.2013749515834023,204659.88268151443,True,75.0,48.0,65.0,188.0
128,64,0.0002,0.2,0.9,0.14040434274941965,15,106,1.3487721084107391,51,0.9123899936676025,0.19735341049001592,196354.6514185287,True,73.0,45.0,71.0,189.0
128,64,0.0002,0.2,1.0,0.15600482527713294,15,106,1.3487721084107391,51,0.9123899936676025,0.19735341049001595,196354.6514185287,True,73.0,46.0,71.0,190.0
128,64,0.0001,0.1,0.9,0.11052188738496765,14,170,2.1631250795266572,85,0.9015259742736816,0.1610648564037463,173617.86068511507,True,92.0,17.0,82.0,191.0
256,128,0.0006,0.2,0.9,0.12302302872230715,21,34,0.4326250159053315,98,0.924521267414093,0.28602427087255555,265131.13272177783,True,41.0,105.0,48.0,194.0
256,128,0.0006,0.2,1.0,0.13669225413589683,21,34,0.4326250159053315,98,0.924521267414093,0.28602427087255555,265131.13272177783,True,41.0,105.0,48.0,194.0
128,64,0.0004,0.15,1.0,0.1949885733037502,20,122,1.5523603511897188,51,0.9144755601882935,0.2032363005780117,180457.78352254804,True,65.0,53.0,77.0,195.0
128,64,0.0004,0.15,0.9,0.17548971597337518,20,122,1.5523603511897188,51,0.9144755601882935,0.2032363005780117,180457.78352254798,True,65.0,53.0,78.0,196.0
128,64,0.0001,0.1,1.0,0.12280209709440851,14,163,2.074055223310854,85,0.9010960459709167,0.16155544780503467,172350.5625715103,True,94.0,18.0,84.0,196.0
128,64,0.0006,0.25,0.8,0.21670666860448168,18,220,2.7993383382109682,51,0.9207713603973389,0.2687316469027785,238349.99638328006,True,56.0,92.0,57.0,205.0
128,64,0.0005,0.25,0.9,0.2209940255560816,17,139,1.7686728591423846,54,0.9211923480033875,0.2581099315666317,197014.6396916545,True,52.0,87.0,70.0,209.0
256,128,0.0005,0.25,0.8,0.19205875385742152,17,133,1.692327268100267,66,0.9295153021812439,0.29509219378663143,216408.17639177956,True,30.0,119.0,61.0,210.0
256,128,0.0001,0.2,0.9,0.0621282776497577,13,145,1.8450184501845017,52,0.8985812664031982,0.19270751238865647,173333.31132456142,True,96.0,41.0,83.0,220.0
128,64,0.0004,0.25,0.9,0.1779456804301048,16,46,0.5853161979895661,94,0.9144231677055359,0.2583527267844402,204134.29183972452,True,67.0,88.0,66.0,221.0
256,128,0.0004,0.2,0.8,0.15347004470479245,20,88,1.1197353352843875,58,0.910695493221283,0.23265879107591125,181438.87574509674,True,76.0,72.0,76.0,224.0
256,128,0.0002,0.25,1.0,0.1418744863707901,16,0,0.0,72,0.9134424328804016,0.28765440464351644,273033.80322068854,True,69.0,111.0,46.0,226.0
128,64,0.0004,0.25,1.0,0.19771742270011644,16,40,0.5089706069474488,94,0.9134494066238403,0.26156457055809496,198468.3096876651,True,68.0,90.0,69.0,227.0
128,64,0.0009,0.25,0.8,0.2477505366291236,16,41,0.521694872121135,85,0.9210138320922852,0.27752304927823024,187879.46891920394,True,53.0,100.0,75.0,228.0
256,128,0.0001,0.2,1.0,0.06903141961084189,13,121,1.5396360860160325,52,0.8972775936126709,0.1976999868676222,171755.6494476755,True,98.0,47.0,86.0,231.0
128,64,0.0003,0.2,0.9,0.1971285363519691,16,92,1.1706323959791323,56,0.9046472907066345,0.24135716795173096,193505.44649057763,True,82.0,78.0,73.0,233.0
128,64,0.0001,0.25,0.8,0.06631008088884187,12,71,0.9034228273317216,55,0.8716865181922913,0.21076156854862113,208727.30437971585,True,115.0,57.0,63.0,235.0
256,128,0.0009,0.2,1.0,0.18770848175974966,22,144,1.8322941850108156,51,0.9208139181137085,0.296735090681314,217120.67257337092,True,55.0,121.0,60.0,236.0
128,64,0.0002,0.15,0.8,0.11726374803956006,14,243,3.0919964372057516,94,0.894965648651123,0.195721954295552,147581.23539504842,True,102.0,44.0,94.0,240.0
128,64,0.0001,0.25,0.9,0.07459884099994711,12,40,0.5089706069474488,68,0.8706285357475281,0.21575613340268432,206472.7487494442,True,116.0,63.0,64.0,243.0
256,128,0.001,0.25,1.0,0.2265461695284529,15,199,2.532128769563558,51,0.927509605884552,0.300423591351774,171993.10884520324,True,35.0,125.0,85.0,245.0
128,64,0.0003,0.25,0.9,0.1224242262312846,15,127,1.6159816770581499,51,0.9012048840522766,0.23987958983344687,177373.04587099908,True,93.0,76.0,79.0,248.0
128,64,0.0001,0.25,1.0,0.08288760111105234,12,24,0.30538236416846926,69,0.8696734309196472,0.21800004045995,203299.20078125258,True,118.0,64.0,67.0,249.0
128,64,0.0005,0.25,1.0,0.24554891728453512,17,63,0.8016287059422318,59,0.9149224162101746,0.273510243983427,165790.83531034493,True,64.0,96.0,90.0,250.0
128,64,0.0007,0.25,0.9,0.18573322806308865,15,113,1.4378419646265428,51,0.9133979082107544,0.26952343966803144,166601.80649239846,True,70.0,93.0,87.0,250.0
128,64,0.0007,0.25,1.0,0.20637025340343182,15,112,1.4251176994528567,51,0.9132844805717468,0.2695772938516701,166109.94803771767,True,71.0,94.0,88.0,253.0
256,128,0.001,0.2,0.8,0.1744866305107381,19,127,1.6159816770581499,70,0.9127792119979858,0.29034652036475506,202172.7716708917,True,72.0,114.0,68.0,254.0
256,128,0.0004,0.2,0.9,0.1726538002928915,20,35,0.4453492810790177,59,0.9060316681861877,0.27421479473283655,174480.97464150516,True,80.0,97.0,81.0,258.0
128,64,0.0002,0.15,0.9,0.13192171654450507,16,137,1.7432243287950122,50,0.8936098217964172,0.21199575891629335,134920.96123579858,True,104.0,58.0,97.0,259.0
256,128,0.0001,0.2,0.8,0.055225135688673516,14,176,2.239470670568775,51,0.8957875967025757,0.22334041269981672,164068.97089457666,True,99.0,69.0,92.0,260.0
128,64,0.0005,0.15,0.8,0.14016569177483879,20,82,1.04338974424227,51,0.9077588319778442,0.24736976806455818,124998.28969426364,True,79.0,80.0,102.0,261.0
128,64,0.0003,0.25,1.0,0.13602691803476066,15,100,1.272426517368622,52,0.8991051912307739,0.24876766323299718,165854.88660996576,True,95.0,81.0,89.0,265.0
128,64,0.0005,0.15,0.9,0.1576864032466936,19,76,0.9670441532001526,51,0.9058956503868103,0.2575101122643673,116467.11220401053,True,81.0,86.0,103.0,270.0
256,128,0.0001,0.25,0.8,0.06533143092931326,11,41,0.521694872121135,175,0.8639898896217346,0.29362331054888136,300878.8821761088,True,119.0,117.0,37.0,273.0
128,64,0.0002,0.15,1.0,0.14657968504945007,16,113,1.4378419646265428,51,0.8920661211013794,0.2275490023444846,133866.93974239688,True,105.0,70.0,98.0,273.0
128,64,0.0005,0.15,1.0,0.17520711471854847,19,64,0.814352971115918,51,0.9043617248535156,0.268315150675338,114431.84506500988,True,83.0,91.0,104.0,278.0
256,128,0.0001,0.25,0.9,0.07349785979547742,11,33,0.41990075073164523,175,0.8634673953056335,0.2953080709873721,298332.72444699885,True,120.0,120.0,39.0,279.0
256,128,0.0008,0.15,0.8,0.22430554727782584,23,155,1.9722611019213643,51,0.9217190146446228,0.3002935210188375,86533.3938414108,True,48.0,123.0,110.0,281.0
256,128,0.0008,0.15,0.9,0.25234374068755405,23,155,1.9722611019213643,51,0.9217190146446228,0.3002935210188375,86533.3938414108,True,48.0,123.0,110.0,281.0
256,128,0.0001,0.25,1.0,0.08166428866164158,11,19,0.24176103830003814,175,0.862314760684967,0.2994295490609406,292763.1259588307,True,122.0,122.0,42.0,286.0
256,128,0.0005,0.25,0.9,0.2160660980895992,16,68,0.865250031810663,90,0.9163171052932739,0.30608984586943666,131720.52388498693,True,60.0,127.0,99.0,286.0
256,128,0.0005,0.25,1.0,0.24007344232177688,16,68,0.865250031810663,90,0.9163171052932739,0.30608984586943666,131720.52388498693,True,60.0,127.0,99.0,286.0
128,64,0.0003,0.2,1.0,0.21903170705774344,15,63,0.8016287059422318,80,0.898391842842102,0.2875815699767034,158850.7769081618,True,97.0,110.0,93.0,300.0
256,128,0.0007,0.2,0.8,0.028559238829106326,12,62,0.7889044407685456,175,0.8248310685157776,0.20222623706386755,81571.13050130784,True,154.0,50.0,114.0,318.0
256,128,0.0007,0.2,0.9,0.03212914368274462,12,44,0.5598676676421938,175,0.823354184627533,0.2026595087526278,80161.21191428782,True,156.0,51.0,115.0,322.0
256,128,0.001,0.15,0.8,0.29132436064762696,22,132,1.679603002926581,51,0.9092015624046326,0.31770195106007915,91093.38714518523,True,78.0,137.0,107.0,322.0
128,64,0.0006,0.25,0.9,0.24379500218004188,17,130,1.6541544725792083,51,0.909296452999115,0.35726847281029683,165457.3625208088,True,77.0,157.0,91.0,325.0
256,128,0.0007,0.2,1.0,0.03569904853638291,12,31,0.3944522203842728,175,0.8222407698631287,0.20297543969954648,79067.6721634371,True,159.0,52.0,116.0,327.0
256,128,0.0008,0.25,1.0,0.19270163043858954,18,129,1.6414302074055223,51,0.902180016040802,0.318430224270178,130840.58973504449,True,88.0,138.0,101.0,327.0
256,128,0.0001,0.1,0.8,0.10263342110744984,19,128,1.628705942231836,51,0.8432010412216187,0.21393606312953292,65512.02211407836,True,142.0,61.0,127.0,330.0
128,64,0.0006,0.25,1.0,0.2708833357556021,16,107,1.3614963735844254,51,0.9025148153305054,0.3352530094578864,135431.03103251287,True,86.0,149.0,96.0,331.0
256,128,0.0001,0.1,0.9,0.11546259874588108,19,119,1.5141875556686601,51,0.8424992561340332,0.21485588555357674,64858.42298610723,True,143.0,62.0,128.0,333.0
256,128,0.0002,0.15,0.8,0.1772859852920334,19,187,2.379437587479323,51,0.8562005758285522,0.22273190770681622,58167.793791407305,True,133.0,68.0,134.0,335.0
128,64,0.0007,0.2,1.0,0.25429456122128236,16,106,1.3487721084107391,51,0.9031546711921692,0.3161093644515013,76941.53740946438,True,84.0,134.0,119.0,337.0
256,128,0.0001,0.1,1.0,0.1282917763843123,19,107,1.3614963735844254,59,0.8416699171066284,0.220912327343733,64606.47043509547,True,144.0,66.0,129.0,339.0
256,128,0.0005,0.2,1.0,0.23763946596930557,18,50,0.636213258684311,90,0.9018434286117554,0.33234559463413305,92957.12983671195,True,90.0,146.0,106.0,342.0
256,128,0.0001,0.15,0.9,0.10642549562841513,17,118,1.5014632904949738,52,0.852648138999939,0.27675698934272297,77938.01514420196,True,136.0,98.0,117.0,351.0
128,64,0.0003,0.1,0.8,0.27784209556006867,18,63,0.8016287059422318,53,0.8737741708755493,0.31328277850834835,85064.47955546626,True,114.0,131.0,112.0,357.0
256,128,0.0001,0.15,1.0,0.11825055069823903,17,109,1.386944903931798,55,0.8514852523803711,0.2816005977125251,77595.3273526276,True,138.0,101.0,118.0,357.0
256,128,0.0001,0.15,0.8,0.09460044055859124,18,133,1.692327268100267,51,0.8517346978187561,0.27742438834755645,75669.72457603429,True,137.0,99.0,121.0,357.0
128,64,0.0009,0.25,0.9,0.278719353707764,14,35,0.4453492810790177,80,0.8952430486679077,0.3306672343602246,83280.93747739852,True,101.0,144.0,113.0,358.0
256,128,0.0004,0.2,1.0,0.19183755588099055,17,0,0.0,150,0.8857214450836182,0.355958033840313,142320.19849510657,True,110.0,154.0,95.0,359.0
128,64,0.0001,0.2,0.9,0.1458242379790943,11,100,1.272426517368622,58,0.8602838516235352,0.3151997998699994,90864.85353315451,True,126.0,133.0,108.0,367.0
256,128,0.0009,0.25,0.8,0.27131041723542115,16,129,1.6414302074055223,51,0.895636796951294,0.3315320411477082,71234.60343365387,True,100.0,145.0,123.0,368.0
128,64,0.0001,0.2,0.8,0.12962154487030605,10,161,2.0486066929634816,188,0.8611689805984497,0.31984050589680957,98418.92675874068,True,124.0,139.0,105.0,368.0
128,64,0.0006,0.15,0.9,0.18123856164964355,17,140,1.781397124316071,65,0.8603300452232361,0.2919240313734786,61712.07800102184,True,125.0,115.0,130.0,370.0
128,64,0.0001,0.2,1.0,0.16202693108788255,11,96,1.221529456673877,61,0.8601663708686829,0.31648435656898233,90753.49688588186,True,128.0,135.0,109.0,372.0
128,64,0.0006,0.15,1.0,0.20137617961071505,17,139,1.7686728591423846,65,0.8602359294891357,0.29221978694396133,61651.23250576742,True,127.0,116.0,131.0,374.0
256,128,0.0002,0.15,0.9,0.19944673345353756,18,110,1.3996691691054841,63,0.8478792905807495,0.2838369520313281,59145.58953518145,True,140.0,102.0,133.0,375.0
128,64,0.0006,0.2,0.8,0.27554436232358265,14,133,1.692327268100267,51,0.8893117308616638,0.3349434312634571,72730.40358849398,True,107.0,148.0,122.0,377.0
128,64,0.0006,0.15,0.8,0.16110094368857206,18,191,2.430334648174068,63,0.8622964024543762,0.3102299852625015,69315.4480707443,True,123.0,130.0,125.0,378.0
128,64,0.0004,0.1,0.8,0.21816808696797138,22,201,2.55757729991093,51,0.8530612587928772,0.28573827235193355,50276.443293215256,True,134.0,104.0,141.0,379.0
128,64,0.001,0.15,0.8,0.2003879289412391,20,276,3.511897187937397,51,0.8248070478439331,0.23094850328314803,35952.426990904685,True,155.0,71.0,153.0,379.0
128,64,0.0006,0.2,0.9,0.30998740761403043,14,128,1.628705942231836,51,0.8881738185882568,0.3387657478905576,70186.9748569375,True,109.0,150.0,124.0,383.0
128,64,0.0009,0.25,1.0,0.3096881707864045,13,34,0.4326250159053315,94,0.8889089822769165,0.3676739828504875,66558.8696521865,True,108.0,162.0,126.0,396.0
128,64,0.001,0.15,0.9,0.22543642005889397,21,216,2.7484412775162235,51,0.8227600455284119,0.2612326437891622,34259.422790378405,True,157.0,89.0,154.0,400.0
256,128,0.0007,0.15,0.8,0.2757073727950214,22,88,1.1197353352843875,51,0.891731858253479,0.3571789560048394,54181.64386147362,True,106.0,156.0,139.0,401.0
256,128,0.001,0.2,0.9,0.19629745932458034,16,122,1.5523603511897188,70,0.8758336305618286,0.3759187846293715,76329.57426422823,True,112.0,170.0,120.0,402.0
128,64,0.0006,0.2,1.0,0.34443045290447827,14,72,0.9161470925054078,51,0.8771630525588989,0.36823904884711023,54845.13549884113,True,111.0,163.0,138.0,412.0
128,64,0.0003,0.1,0.9,0.3125723575050773,17,22,0.2799338338210969,55,0.8587198257446289,0.34145495462351194,59326.21728434605,True,130.0,152.0,132.0,414.0
128,64,0.0004,0.1,0.9,0.24543909783896778,21,136,1.730500063621326,51,0.8453229069709778,0.317541302236799,46393.91038113985,True,141.0,136.0,143.0,420.0
256,128,0.0008,0.15,1.0,0.2803819340972823,21,151,1.921364041226619,51,0.8946927785873413,0.38223050754393934,44529.8493397402,True,103.0,172.0,145.0,420.0
128,64,0.0008,0.15,0.8,0.21955394849789794,19,101,1.2851507825423083,51,0.8589407205581665,0.3623416651266982,57089.476779551966,True,129.0,160.0,135.0,424.0
128,64,0.0009,0.2,0.8,0.38043858250308915,12,72,0.9161470925054078,175,0.874352753162384,0.38797044128961855,47759.016190689385,True,113.0,173.0,142.0,428.0
256,128,0.0004,0.15,0.8,0.15590950044728935,23,176,2.239470670568775,51,0.7959373593330383,0.2342828625041042,17367.67117484812,True,170.0,74.0,185.0,429.0
128,64,0.001,0.15,1.0,0.25048491117654886,21,156,1.9849853670950504,51,0.817920446395874,0.2884763850131971,33666.26606585498,True,161.0,112.0,157.0,430.0
256,128,0.001,0.2,1.0,0.2181082881384226,15,57,0.7252831149001145,80,0.8634159564971924,0.4056698547600064,56549.4469274906,True,121.0,179.0,136.0,436.0
128,64,0.0008,0.15,0.9,0.24699819206013518,19,74,0.9415956228527802,51,0.8567225337028503,0.3743274518375329,55873.45604487771,True,132.0,169.0,137.0,438.0
256,128,0.0008,0.2,0.8,0.28707040467400374,13,131,1.6668787377528946,51,0.8572517037391663,0.3715021879941177,50691.63268932795,True,131.0,167.0,140.0,438.0
256,128,0.0005,0.15,0.8,0.15009266379420091,21,169,2.150400814352971,55,0.7829583883285522,0.285371329403528,24589.187375018264,True,176.0,103.0,168.0,447.0
128,64,0.001,0.2,0.8,0.46914019415459607,12,96,1.221529456673877,174,0.8697007894515991,0.4153365070169626,38053.85382411319,True,117.0,182.0,149.0,448.0
128,64,0.0008,0.15,1.0,0.2744424356223724,18,66,0.8398015014632905,51,0.8528271913528442,0.3944527060460252,46093.87683734935,True,135.0,176.0,144.0,455.0
256,128,0.0006,0.15,0.8,0.1465367445173625,22,44,0.5598676676421938,55,0.7670630812644958,0.2863089154018663,22246.45736609457,True,180.0,107.0,173.0,460.0
256,128,0.0006,0.1,0.9,0.2659381681183699,23,143,1.8195699198371293,51,0.8368135094642639,0.3702567711487226,36806.25931801418,True,147.0,164.0,151.0,462.0
256,128,0.0006,0.15,0.9,0.16485383758203281,22,40,0.5089706069474488,55,0.7665115594863892,0.2869658015425734,22201.114299161294,True,181.0,108.0,174.0,463.0
256,128,0.0006,0.15,1.0,0.18317093064670312,22,40,0.5089706069474488,55,0.7665115594863892,0.2869658015425734,22201.114299161294,True,181.0,108.0,174.0,463.0
256,128,0.0008,0.2,0.9,0.32295420525825425,13,94,1.1960809263265046,51,0.8486714959144592,0.39986438926361917,41161.761975643676,True,139.0,178.0,147.0,464.0
128,64,0.0001,0.15,0.8,0.2897835053093824,12,106,1.3487721084107391,51,0.8311000466346741,0.371150534233192,39885.391119297245,True,150.0,166.0,148.0,464.0
128,64,0.0004,0.1,1.0,0.2727101087099642,20,104,1.3233235780633668,53,0.8257761001586914,0.35713031215364244,32120.280422701933,True,153.0,155.0,159.0,467.0
256,128,0.0004,0.1,0.8,0.12579568115420817,27,212,2.6975442168214783,55,0.7433948516845703,0.24038726822896433,10406.430117364465,True,190.0,77.0,200.0,467.0
256,128,0.0004,0.15,1.0,0.1948868755591117,21,102,1.2978750477159944,98,0.7856823205947876,0.2897937125815201,18591.706833577096,True,175.0,113.0,181.0,469.0
128,64,0.0001,0.15,0.9,0.3260064434730552,13,29,0.36900369003690037,51,0.8289945721626282,0.38967038220475547,37492.72463205157,True,151.0,174.0,150.0,475.0
128,64,0.0009,0.15,0.8,0.2699409141702889,19,153,1.9468125715739915,51,0.8372013568878174,0.3958591938050904,35987.553317205675,True,146.0,177.0,152.0,475.0
256,128,0.0002,0.15,1.0,0.22160748161504173,15,39,0.4962463417737626,150,0.809156596660614,0.41336166547052033,43631.56898224992,True,168.0,180.0,146.0,494.0
128,64,0.0003,0.1,1.0,0.34730261945008584,15,3,0.03817279552105866,55,0.832754909992218,0.42622864641632235,31414.851536402643,True,149.0,188.0,160.0,497.0
128,64,0.0001,0.05,0.8,0.12112920485310226,17,162,2.0613309581371677,58,0.7545917630195618,0.3207152680004739,21135.547971260487,True,187.0,140.0,177.0,504.0
256,128,0.001,0.15,0.9,0.3277399057285803,18,113,1.4378419646265428,51,0.8395441770553589,0.42127932869282764,21191.026064488255,True,145.0,186.0,176.0,507.0
128,64,0.0001,0.05,0.9,0.13627035545974003,17,131,1.6668787377528946,59,0.753258228302002,0.32424627123922994,21101.293781545486,True,188.0,142.0,178.0,508.0
256,128,0.0004,0.1,0.9,0.1415201412984842,27,140,1.781397124316071,55,0.7341150045394897,0.29396025348329063,10351.950780005225,True,191.0,118.0,201.0,510.0
256,128,0.0008,0.2,1.0,0.3588380058425047,12,57,0.7252831149001145,51,0.8224731683731079,0.4187718474302369,24232.128831382688,True,158.0,185.0,169.0,512.0
256,128,0.0003,0.15,0.8,0.21232928863384318,17,32,0.407176485557959,63,0.7822627425193787,0.41423121148401815,34212.17358257587,True,177.0,181.0,155.0,513.0
256,128,0.0005,0.15,0.9,0.16885424676847602,21,50,0.636213258684311,55,0.7633240818977356,0.3585991225394469,22747.204674282115,True,183.0,158.0,172.0,513.0
256,128,0.0003,0.1,0.8,0.16521841499877876,24,106,1.3487721084107391,55,0.7256554961204529,0.3030757247950485,12218.04473092829,True,192.0,126.0,195.0,513.0
128,64,0.0001,0.05,1.0,0.15141150606637782,17,97,1.2342537218475633,61,0.7508625388145447,0.33395707594334045,21046.751512914703,True,189.0,147.0,179.0,515.0
128,64,0.0002,0.1,0.8,0.2824133874541956,14,0,0.0,63,0.7928370237350464,0.43232055750924553,33566.27792150451,True,171.0,192.0,158.0,521.0
256,128,0.0006,0.1,1.0,0.2954868534648554,20,62,0.7889044407685456,51,0.8102249503135681,0.4331572360308522,27990.344075187186,True,165.0,193.0,164.0,522.0
256,128,0.0007,0.15,0.9,0.31017079439439904,19,72,0.9161470925054078,51,0.8261445164680481,0.43397285037240535,17047.22525258656,True,152.0,194.0,186.0,532.0
256,128,0.0003,0.1,0.9,0.1858707168736261,22,95,1.2088051915001907,55,0.7086578607559204,0.32583186020147453,12388.961116130045,True,195.0,143.0,194.0,532.0
256,128,0.0009,0.25,0.9,0.3052242193898488,11,85,1.0815625397633286,51,0.7968795895576477,0.4170751476421614,18560.076332938377,True,169.0,183.0,182.0,534.0
128,64,0.0009,0.15,0.9,0.30368352844157503,17,143,1.8195699198371293,51,0.8138881325721741,0.47306328597260944,34209.70444343796,True,163.0,215.0,156.0,534.0
128,64,0.0001,0.01,0.8,0.320047425281214,18,161,2.0486066929634816,58,0.6903653740882874,0.3389560526903191,18464.249381883685,True,200.0,151.0,183.0,534.0
256,128,0.0004,0.1,1.0,0.1572446014427602,22,110,1.3996691691054841,55,0.7031832337379456,0.32154904453058486,11734.812982115523,True,197.0,141.0,198.0,536.0
128,64,0.0009,0.2,0.9,0.42799340531597524,11,29,0.36900369003690037,175,0.8352667689323425,0.49781118914390954,27728.875897027727,True,148.0,226.0,165.0,539.0
128,64,0.001,0.25,0.9,0.31626472917449755,11,0,0.0,157,0.7876689434051514,0.4356604316379802,23573.864051214903,True,174.0,196.0,170.0,540.0
128,64,0.0002,0.05,0.8,0.2124936410527076,21,385,4.898842091869195,58,0.6662441492080688,0.30623208322435286,9689.709292629836,True,209.0,129.0,203.0,541.0
256,128,0.0003,0.1,1.0,0.20652301874847345,21,40,0.5089706069474488,55,0.6940863728523254,0.344368489654762,12557.54915411393,True,198.0,153.0,193.0,544.0
128,64,0.0005,0.1,0.8,0.23945957054308234,22,262,3.3337574755057893,55,0.682918906211853,0.31400170845710895,8731.945751746598,True,203.0,132.0,211.0,546.0
256,128,0.0009,0.25,1.0,0.3391380215442764,11,43,0.5471434024685075,51,0.7884080410003662,0.43025296781317623,16981.76096425359,True,173.0,191.0,187.0,551.0
128,64,0.001,0.25,0.8,0.2811242037106645,12,36,0.4580735462527039,157,0.8100882172584534,0.4926752949078959,29748.65305465473,True,166.0,223.0,163.0,552.0
256,128,0.0003,0.15,0.9,0.23887044971307358,15,0,0.0,150,0.7581989765167236,0.45937202051377996,29898.26681337583,True,185.0,209.0,161.0,555.0
256,128,0.0003,0.15,1.0,0.26541161079230396,15,0,0.0,150,0.7581989765167236,0.45937202051377996,29898.26681337583,True,185.0,209.0,161.0,555.0
128,64,0.0002,0.1,0.9,0.31771506088597,13,0,0.0,63,0.7680854797363281,0.4672316384076138,25237.60648832882,True,179.0,212.0,167.0,558.0
256,128,0.0009,0.15,0.9,0.34224302053010003,18,57,0.7252831149001145,51,0.8158366084098816,0.45616703376010104,12920.475694920924,True,162.0,205.0,192.0,559.0
256,128,0.001,0.15,1.0,0.36415545080953365,16,52,0.6616617890316834,55,0.8095601797103882,0.4587167280009315,14048.860119457548,True,167.0,207.0,188.0,562.0
256,128,0.0007,0.15,1.0,0.3446342159937767,18,72,0.9161470925054078,51,0.8130638599395752,0.4625262564606397,13701.925094043943,True,164.0,211.0,189.0,564.0
128,64,0.0002,0.05,0.9,0.23905534618429602,22,250,3.181066293421555,50,0.6681905388832092,0.3614328256573,9291.264623591695,True,208.0,159.0,207.0,574.0
128,64,0.0002,0.1,1.0,0.35301673431774444,12,0,0.0,63,0.7601288557052612,0.4887467824216152,23339.116964532586,True,184.0,221.0,171.0,576.0
256,128,0.0005,0.15,1.0,0.18761582974275112,18,48,0.6107647283369385,55,0.7085776925086975,0.445370167636404,20560.17379912764,True,196.0,200.0,180.0,576.0
128,64,0.0002,0.05,1.0,0.2656170513158845,21,221,2.8120626033846547,58,0.664736807346344,0.3647835197110056,9638.143131585512,True,211.0,161.0,204.0,576.0
256,128,0.0009,0.15,0.8,0.3042160182489778,19,57,0.7252831149001145,51,0.8199228644371033,0.4987815083911165,13273.553357060751,True,160.0,227.0,191.0,578.0
256,128,0.0007,0.1,0.8,0.21086432870379307,21,136,1.730500063621326,55,0.6786512732505798,0.3790675618980167,9325.302281520582,True,204.0,171.0,206.0,581.0
128,64,0.0007,0.1,0.8,0.23258830529547608,22,216,2.7484412775162235,55,0.6660470962524414,0.37323166454428686,7863.9560945884905,True,210.0,168.0,218.0,596.0
256,128,0.0002,0.1,0.9,0.2431069251089526,18,1,0.012724265173686218,110,0.683554470539093,0.4674847202335434,13572.52475541703,True,202.0,213.0,190.0,605.0
256,128,0.0002,0.05,0.8,0.27503193375928536,21,325,4.1353861814480215,51,0.6118284463882446,0.3707843315499729,7094.969062927497,True,221.0,165.0,224.0,610.0
256,128,0.0009,0.1,0.8,0.23067737955481493,23,262,3.3337574755057893,51,0.6737761497497559,0.4263207055177983,7904.555352570071,True,206.0,189.0,217.0,612.0
128,64,0.0009,0.2,1.0,0.4755482281288614,10,25,0.3181066293421555,175,0.7918697595596313,0.5758961422681208,17792.64710833249,True,172.0,260.0,184.0,616.0
128,64,0.0001,0.15,1.0,0.36222938163672797,9,29,0.36900369003690037,51,0.7758376002311707,0.5887784711956219,27265.790253484152,True,178.0,272.0,166.0,616.0
256,128,0.0007,0.1,0.9,0.2372223697917672,19,70,0.8906985621580354,55,0.6410423517227173,0.44543836496043643,8841.440345549607,True,214.0,201.0,210.0,625.0
128,64,0.0007,0.1,0.9,0.2616618434574106,20,149,1.8959155108792467,55,0.6353604793548584,0.43475005103550746,8006.53236292662,True,216.0,195.0,216.0,627.0
256,128,0.0007,0.1,1.0,0.2635804108797413,16,57,0.7252831149001145,55,0.6239302754402161,0.4522824107438757,8884.35365611763,True,218.0,204.0,209.0,631.0
128,64,0.001,0.2,0.9,0.5277827184239205,9,24,0.30538236416846926,175,0.7247244715690613,0.5251442792059371,9973.608972432268,True,193.0,241.0,202.0,636.0
128,64,0.0009,0.15,1.0,0.33742614271286114,12,121,1.5396360860160325,110,0.6848059296607971,0.5136582224821896,10833.220415426586,True,201.0,236.0,199.0,636.0
256,128,0.0009,0.1,0.9,0.2595120519991668,21,151,1.921364041226619,51,0.6609153747558594,0.4823325443817767,8294.407917464692,True,212.0,218.0,213.0,643.0
256,128,0.0001,0.05,0.8,0.28533287516333394,19,77,0.9797684183738389,55,0.5994666814804077,0.4413064222673175,7674.925086035489,True,225.0,199.0,220.0,644.0
256,128,0.0009,0.15,1.0,0.38027002281122224,14,57,0.7252831149001145,51,0.7193654775619507,0.49578222858080156,6799.521293838623,True,194.0,225.0,228.0,647.0
256,128,0.0002,0.05,0.9,0.309410925479196,19,240,3.053823641684693,51,0.6009061932563782,0.44944192125613336,7471.079582123399,True,223.0,203.0,222.0,648.0
128,64,0.001,0.1,0.8,0.2563241272866496,19,214,2.722992747168851,51,0.6382980942726135,0.49062526777840487,8053.175308127831,True,215.0,222.0,215.0,652.0
128,64,0.001,0.25,1.0,0.3514052546383306,8,0,0.0,229,0.6738817095756531,0.5711620619584246,11789.713154383899,True,205.0,257.0,197.0,659.0
128,64,0.0005,0.1,1.0,0.2993244631788529,17,112,1.4251176994528567,55,0.6337831020355225,0.5085954481333149,8890.964151022026,True,217.0,234.0,208.0,659.0
256,128,0.0002,0.1,1.0,0.270118805676614,16,0,0.0,110,0.6494542956352234,0.5567350809038388,11799.765111569124,True,213.0,253.0,196.0,662.0
128,64,0.0001,0.01,0.9,0.36005335344136574,14,158,2.010433897442423,58,0.5605194568634033,0.48113001245205844,8194.045168275363,True,232.0,217.0,214.0,663.0
128,64,0.001,0.2,1.0,0.586425242693245,8,16,0.2035882427789795,175,0.6923924088478088,0.5590189248143828,8506.154392108312,True,199.0,254.0,212.0,665.0
256,128,0.0001,0.05,0.9,0.3209994845587507,15,3,0.03817279552105866,59,0.6026229858398438,0.503645979821992,7496.300980845145,True,222.0,230.0,221.0,673.0
256,128,0.0008,0.1,0.8,0.24303804567882814,19,210,2.672095686474106,51,0.5999804139137268,0.4784367716431362,6226.731147026797,True,224.0,216.0,234.0,674.0
128,64,0.0001,0.01,1.0,0.4000592816015175,14,100,1.272426517368622,55,0.5310628414154053,0.5168120187321819,7736.005752780297,True,235.0,238.0,219.0,692.0
256,128,0.0009,0.1,1.0,0.28834672444351866,16,99,1.259702252194936,52,0.5695227980613708,0.5498396814414472,7013.8119857612155,True,227.0,248.0,225.0,700.0
128,64,0.0008,0.1,0.8,0.2591096766401195,20,248,3.1556177630741824,51,0.6182623505592346,0.5534203469403833,6389.649389857173,True,219.0,252.0,231.0,702.0
256,128,0.0003,0.01,1.0,0.6423516151384301,2,87,1.107011070110701,62,0.5256929397583008,0.39018125291667344,418.44683366827695,True,237.0,175.0,295.0,707.0
256,128,0.0005,0.1,0.8,0.2677232630349573,21,108,1.3742206387581117,55,0.6732537150382996,0.6855178151174658,9341.690329487099,True,207.0,302.0,205.0,714.0
128,64,0.0008,0.1,1.0,0.3238870958001494,14,130,1.6541544725792083,51,0.5220419764518738,0.5222233276452586,5804.105177395772,True,238.0,240.0,237.0,715.0
128,64,0.0008,0.1,0.9,0.29149838622013446,17,152,1.9340883064003052,51,0.5659659504890442,0.5736093876309222,6779.02847057699,True,228.0,258.0,229.0,715.0
128,64,0.0007,0.15,0.9,0.47630409927039796,7,0,0.0,175,0.5657094120979309,0.5709367104540205,5235.642038782129,True,229.0,255.0,241.0,725.0
128,64,0.0007,0.15,1.0,0.5292267769671088,7,0,0.0,175,0.5657094120979309,0.5709367104540205,5235.642038782129,True,229.0,255.0,241.0,725.0
256,128,0.0001,0.05,1.0,0.35666609395416743,13,0,0.0,62,0.5593470335006714,0.5738923922770645,6132.804572955594,True,233.0,259.0,235.0,727.0
128,64,0.001,0.1,0.9,0.28836464319748084,16,161,2.0486066929634816,51,0.5758447051048279,0.5949379506038001,6973.046984515449,True,226.0,279.0,226.0,731.0
128,64,0.0006,0.1,0.8,0.3430514736263375,15,74,0.9415956228527802,51,0.6156222224235535,0.6256457999057559,7164.241359263177,True,220.0,294.0,223.0,737.0
256,128,0.0003,0.01,0.9,0.5781164536245871,5,111,1.4123934342791704,54,0.43309518694877625,0.4678753603457123,987.758965544293,True,253.0,214.0,272.0,739.0
256,128,0.0006,0.05,1.0,0.46929542146445063,2,3,0.03817279552105866,51,0.433756023645401,0.41738353564361264,265.50655608288355,True,251.0,184.0,306.0,741.0
256,128,0.0008,0.01,0.8,0.39674198790494764,2,183,2.328540526784578,53,0.44448256492614746,0.42274556326292817,266.4569178115628,True,249.0,187.0,305.0,741.0
256,128,0.0008,0.1,0.9,0.27341780138868166,15,108,1.3742206387581117,51,0.5260916948318481,0.5907866787722338,6307.13723494035,True,236.0,274.0,232.0,742.0
128,64,0.001,0.1,1.0,0.320405159108312,12,121,1.5396360860160325,55,0.5591887831687927,0.6073564782572564,6871.044431372599,True,234.0,284.0,227.0,745.0
128,64,0.0005,0.01,0.9,0.5074646758812276,2,71,0.9034228273317216,52,0.43886083364486694,0.42998301331511013,251.133188415368,True,250.0,190.0,308.0,748.0
256,128,0.0002,0.05,1.0,0.3437899171991067,15,171,2.1758493447003433,51,0.354318231344223,0.5031545016627507,2193.1869012992547,True,272.0,229.0,252.0,753.0
256,128,0.0009,0.01,0.8,0.49323932986602553,2,83,1.0561140094159562,107,0.4556686282157898,0.4860772159077802,580.4657708749271,True,247.0,220.0,288.0,755.0
256,128,0.0008,0.01,0.9,0.4463347363930661,2,85,1.0815625397633286,60,0.43326643109321594,0.44938245195045673,291.2083664117328,True,252.0,202.0,301.0,755.0
256,128,0.0008,0.1,1.0,0.3037975570985352,14,84,1.0688382745896425,54,0.5035384297370911,0.6074345479040113,6028.642807422102,True,242.0,285.0,236.0,763.0
256,128,0.0009,0.05,0.9,0.4273193941838352,2,73,0.928871357679094,55,0.41184455156326294,0.4377018144838449,263.9374922129475,True,260.0,197.0,307.0,764.0
128,64,0.0003,0.05,1.0,0.48048816636696295,9,0,0.0,58,0.497888445854187,0.6158643058269282,6251.882147562061,True,244.0,291.0,233.0,768.0
256,128,0.0008,0.05,0.8,0.430692688259035,2,50,0.636213258684311,51,0.4082055687904358,0.4386649680133212,239.14344916488514,True,261.0,198.0,310.0,769.0
128,64,0.0003,0.05,0.8,0.3843905330935704,13,114,1.450566229800229,94,0.498929500579834,0.6465791739341114,6473.875933129677,True,243.0,297.0,230.0,770.0
256,128,0.0008,0.01,1.0,0.49592748488118454,2,3,0.03817279552105866,95,0.4542747735977173,0.5043209092682911,496.31064879311737,True,248.0,231.0,294.0,773.0
256,128,0.0005,0.05,0.9,0.3804684198986646,3,43,0.5471434024685075,51,0.33363568782806396,0.4584454605543293,505.0565114872306,True,276.0,206.0,292.0,774.0
128,64,0.0006,0.05,0.8,0.37805314973716303,15,81,1.0306654790685839,54,0.3720897138118744,0.5788146270896948,3496.4939913999906,True,269.0,261.0,245.0,775.0
256,128,0.0005,0.05,1.0,0.422742688776294,3,31,0.3944522203842728,51,0.3324076235294342,0.45913385987353256,503.3895546065951,True,277.0,208.0,293.0,778.0
128,64,0.0003,0.01,0.9,0.6312143260364959,3,6,0.07634559104211731,267,0.42061370611190796,0.5811527416257142,1550.951748559687,True,256.0,264.0,259.0,779.0
256,128,0.0009,0.05,1.0,0.47479932687092796,2,61,0.7761801755948594,65,0.4042716324329376,0.4843358612823949,301.41069774541484,True,262.0,219.0,300.0,781.0
128,64,0.0007,0.1,1.0,0.2907353816193451,16,117,1.4887390253212875,55,0.5630237460136414,0.7390605348204413,5693.3446743465165,True,231.0,310.0,240.0,781.0
128,64,0.0004,0.01,1.0,0.6665335044989092,2,0,0.0,314,0.5172486305236816,0.6096062758103216,1866.8243189411335,True,239.0,287.0,257.0,783.0
128,64,0.0009,0.01,0.9,0.49134714863398793,3,43,0.5471434024685075,129,0.34346258640289307,0.49990449935212805,768.0136171034131,True,275.0,228.0,281.0,784.0
256,128,0.0005,0.1,0.9,0.301188670914327,14,40,0.5089706069474488,55,0.5158568620681763,0.7178081013869632,5786.356064514624,True,240.0,308.0,238.0,786.0
256,128,0.0005,0.1,1.0,0.33465407879369663,8,40,0.5089706069474488,55,0.43118879199028015,0.6153993782314,4604.36375324961,True,254.0,290.0,243.0,787.0
128,64,0.0006,0.1,0.9,0.38593290782962963,13,5,0.0636213258684311,51,0.5084100961685181,0.6935488928237447,3845.7223670519775,True,241.0,304.0,244.0,789.0
128,64,0.001,0.01,1.0,0.580242299629459,2,6,0.07634559104211731,76,0.41658514738082886,0.5064083289337018,353.5047576907559,True,257.0,233.0,299.0,789.0
256,128,0.0004,0.05,0.9,0.3970963014241115,6,27,0.34355515968952793,51,0.31560251116752625,0.5359220239225878,1264.4563234377736,True,282.0,243.0,265.0,790.0
128,64,0.0003,0.05,0.9,0.43243934973026665,10,16,0.2035882427789795,51,0.49637582898139954,0.7306547370348969,5741.323638329822,True,245.0,309.0,239.0,793.0
128,64,0.001,0.01,0.9,0.5222180696665131,2,10,0.1272426517368622,81,0.4163779616355896,0.5190798687165212,374.74556891974197,True,258.0,239.0,298.0,795.0
128,64,0.0002,0.01,1.0,0.7422807421013284,3,21,0.26720956864741063,286,0.395483136177063,0.5884602098751094,1411.509923900392,True,263.0,271.0,261.0,795.0
128,64,0.0005,0.05,0.8,0.31561773270769605,14,219,2.786614073037282,55,0.32760193943977356,0.5875249401606552,2540.872017945218,True,278.0,269.0,249.0,796.0
256,128,0.0001,0.01,0.9,0.744886401508046,2,22,0.2799338338210969,276,0.4623371362686157,0.6110276267685828,1235.5215014195917,True,246.0,289.0,267.0,802.0
128,64,0.0004,0.05,0.8,0.40852164997855556,9,100,1.272426517368622,55,0.35138824582099915,0.5958432108925239,2470.175268717974,True,273.0,280.0,250.0,803.0
128,64,0.0002,0.01,0.9,0.6680526678911957,6,61,0.7761801755948594,97,0.42313703894615173,0.6980465100459577,3333.0500864985825,True,255.0,305.0,246.0,806.0
128,64,0.0002,0.01,0.8,0.5938245936810628,7,116,1.4760147601476015,74,0.4155382812023163,0.6632157962978843,3009.7656745622776,True,259.0,299.0,248.0,806.0
128,64,0.0007,0.05,1.0,0.5499813965310946,2,0,0.0,55,0.3620111048221588,0.4941501126827303,204.52583279330537,True,271.0,224.0,312.0,807.0
128,64,0.0004,0.01,0.8,0.5332268035991274,5,127,1.6159816770581499,54,0.38468560576438904,0.5830429659423694,869.6470385774471,True,266.0,265.0,277.0,808.0
128,64,0.0005,0.05,0.9,0.35506994929615804,11,149,1.8959155108792467,55,0.29834213852882385,0.5937662807390887,3019.0733801944193,True,284.0,278.0,247.0,809.0
256,128,0.001,0.05,0.8,0.3394564372316426,4,166,2.1122280188319125,51,0.29813435673713684,0.5796214601619607,1342.3699841322923,True,285.0,262.0,262.0,809.0
128,64,0.0009,0.1,0.9,0.5749627866621401,3,29,0.36900369003690037,352,0.2849942743778229,0.55102620288502,1054.0582937473764,True,290.0,250.0,270.0,810.0
128,64,0.0004,0.05,1.0,0.5106520624731944,4,0,0.0,55,0.23949307203292847,0.5284903008133373,889.4078914719196,True,296.0,242.0,275.0,813.0
128,64,0.0008,0.05,1.0,0.43281793684502623,4,84,1.0688382745896425,97,0.24343520402908325,0.5371201812342011,891.9576007356231,True,295.0,244.0,274.0,813.0
256,128,0.0009,0.05,0.8,0.3798394614967424,4,112,1.4251176994528567,54,0.2961004972457886,0.5851913556076124,1314.6353307306056,True,287.0,266.0,263.0,816.0
256,128,0.0003,0.01,0.8,0.5138812921107441,6,138,1.7559485939686985,51,0.3843388259410858,0.5918314729235674,923.312414872176,True,267.0,276.0,273.0,816.0
256,128,0.0007,0.05,0.9,0.38421961887872685,3,37,0.4707978114263901,51,0.2874361574649811,0.5128011586178555,390.5605047370013,True,289.0,235.0,296.0,820.0
256,128,0.0004,0.05,1.0,0.44121811269345723,3,26,0.3308308945158417,51,0.35107091069221497,0.6105820457968466,1412.0537533599158,True,274.0,288.0,260.0,822.0
128,64,0.0005,0.01,0.8,0.45107971189442453,5,194,2.4685074436951266,51,0.32145845890045166,0.5807683399669633,778.3499891273065,True,281.0,263.0,280.0,824.0
256,128,0.0004,0.05,0.8,0.3529744901547658,7,117,1.4887390253212875,50,0.2458316832780838,0.5856482994153727,1268.9445908081602,True,294.0,267.0,264.0,825.0
128,64,0.0004,0.05,0.9,0.459586856225875,5,15,0.1908639776052933,55,0.17592395842075348,0.5473798731369559,782.580637380786,True,300.0,247.0,279.0,826.0
256,128,0.0006,0.05,0.9,0.42236587931800557,3,81,1.0306654790685839,51,0.3140607476234436,0.5055846287932667,234.00986616307557,True,283.0,232.0,311.0,826.0
256,128,0.0003,0.05,0.8,0.33162918294314875,5,40,0.5089706069474488,70,0.18901045620441437,0.5467813836659747,753.1336177309416,True,299.0,245.0,283.0,827.0
256,128,0.001,0.1,1.0,0.5746044223324934,2,6,0.07634559104211731,55,0.32277417182922363,0.5140977358604786,173.56489847215482,True,280.0,237.0,313.0,830.0
256,128,0.001,0.05,1.0,0.4243205465395532,2,86,1.094286804937015,738,0.3727598488330841,0.7871419088615398,2292.6142094490515,True,268.0,311.0,251.0,830.0
128,64,0.001,0.01,0.8,0.4641938397035672,4,34,0.4326250159053315,54,0.2620169520378113,0.550151086381244,521.7139981320067,True,292.0,249.0,290.0,831.0
128,64,0.0008,0.05,0.8,0.346254349476021,11,109,1.386944903931798,51,0.32302141189575195,0.6698930858122975,2131.0001683806427,True,279.0,300.0,253.0,832.0
128,64,0.0006,0.1,1.0,0.4288143420329218,7,0,0.0,51,0.3684500455856323,1.0660549949260092,2030.4129631718295,True,270.0,313.0,255.0,838.0
128,64,0.0006,0.05,1.0,0.47256643717145375,4,0,0.0,50,0.13456426560878754,0.5469705378139916,733.8986089103385,True,307.0,246.0,285.0,838.0
128,64,0.0009,0.05,0.8,0.27989771475083286,16,376,4.784323705306019,51,0.2961459457874298,0.6406312988496689,1955.4521623809471,True,286.0,296.0,256.0,838.0
128,64,0.0009,0.05,0.9,0.31488492909468696,13,161,2.0486066929634816,51,0.2617450952529907,0.6177523810678627,2080.8963912295344,True,293.0,292.0,254.0,839.0
256,128,0.001,0.1,0.9,0.5171439800992441,3,10,0.1272426517368622,55,0.15902088582515717,0.5533738655198138,574.7851526541795,True,301.0,251.0,289.0,841.0
256,128,0.0001,0.01,0.8,0.6621212457849297,5,77,0.9797684183738389,74,0.39021024107933044,0.7170297881593299,1123.0398481792436,True,265.0,307.0,269.0,841.0
128,64,0.0009,0.1,1.0,0.6388475407357112,2,0,0.0,352,0.27524319291114807,0.6059235655444233,859.1433310919895,True,291.0,281.0,278.0,850.0
128,64,0.0006,0.05,0.9,0.42530979345430836,8,0,0.0,54,0.19294217228889465,0.6092834031538761,1155.7111376684452,True,298.0,286.0,268.0,852.0
128,64,0.001,0.05,0.8,0.41411806180717553,4,8,0.10179412138948975,51,0.2146006077528,0.6066632332052392,888.8962504258004,True,297.0,283.0,276.0,856.0
256,128,0.001,0.1,0.8,0.45968353786599475,4,33,0.41990075073164523,55,0.28762972354888916,1.0048927077935117,1812.6331939241388,True,288.0,312.0,258.0,858.0
256,128,0.0007,0.01,0.8,0.5258654701180338,3,94,1.1960809263265046,53,0.39516007900238037,0.6482577010578635,274.8957142600017,True,264.0,298.0,302.0,864.0
128,64,0.0007,0.05,0.8,0.43998511722487565,5,54,0.6871103193790559,55,0.09859354048967361,0.5877221182034107,598.7981802288402,True,310.0,270.0,287.0,867.0
128,64,0.0005,0.05,1.0,0.39452216588462,7,119,1.5141875556686601,55,0.15866996347904205,0.6313878898526385,1043.723714298045,True,302.0,295.0,271.0,868.0
128,64,0.0009,0.01,0.8,0.4367530210079893,4,113,1.4378419646265428,55,0.13701480627059937,0.592157079323017,509.89087159475264,True,306.0,277.0,291.0,874.0
128,64,0.0009,0.1,0.8,0.511078032588569,5,49,0.6234889935106248,98,0.15085220336914062,0.617796348318971,751.349041478999,True,303.0,293.0,284.0,880.0
256,128,0.0006,0.05,0.8,0.37543633717156055,6,145,1.8450184501845017,51,0.12189796566963196,0.7039943933424225,1250.8753353083432,True,309.0,306.0,266.0,881.0
256,128,0.0003,0.05,1.0,0.4145364786789359,3,3,0.03817279552105866,70,0.147792786359787,0.5904446066210727,266.7506951977622,True,305.0,273.0,304.0,882.0
256,128,0.0003,0.05,0.9,0.3730828308110423,3,23,0.29265809899478307,70,0.14909684658050537,0.590970234119936,270.4294317074835,True,304.0,275.0,303.0,882.0
128,64,0.0008,0.01,0.8,0.4460001871204322,4,148,1.8831912457055604,60,0.12206093966960907,0.5870829379521713,241.463233622956,True,308.0,268.0,309.0,885.0
128,64,0.0007,0.05,0.9,0.4949832568779851,4,49,0.6234889935106248,55,0.06514038890600204,0.6062805177030193,390.3494867569361,True,313.0,282.0,297.0,892.0
128,64,0.0008,0.05,0.9,0.3895361431605236,6,106,1.3487721084107391,97,0.08980071544647217,0.6918127620318196,759.2753749803695,True,311.0,303.0,282.0,896.0
128,64,0.0009,0.05,1.0,0.34987214343854106,5,114,1.450566229800229,55,0.07017077505588531,0.6831256681234267,697.6093541204725,True,312.0,301.0,286.0,899.0
