hidden_layer_1,hidden_layer_2,learning_rate,beta,epsilon_multiplier,epsilon,silhouette_score,davies_bouldin_index,calinski_harabasz_index
128,64,0.0001,0.01,0.8,0.320047425281214,0.6903653740882874,0.3389560526903191,18464.249381883685
128,64,0.0001,0.01,0.9,0.36005335344136574,0.5605194568634033,0.48113001245205844,8194.045168275363
128,64,0.0001,0.01,1.0,0.4000592816015175,0.5310628414154053,0.5168120187321819,7736.005752780297
128,64,0.0001,0.05,0.8,0.12112920485310226,0.7545917630195618,0.3207152680004739,21135.547971260487
128,64,0.0001,0.05,0.9,0.13627035545974003,0.753258228302002,0.32424627123922994,21101.293781545486
128,64,0.0001,0.05,1.0,0.15141150606637782,0.7508625388145447,0.33395707594334045,21046.751512914703
128,64,0.0001,0.1,0.8,0.09824167767552681,0.9018591642379761,0.16027897640635372,175307.5330137124
128,64,0.0001,0.1,0.9,0.11052188738496765,0.9015259742736816,0.1610648564037463,173617.86068511507
128,64,0.0001,0.1,1.0,0.12280209709440851,0.9010960459709167,0.16155544780503467,172350.5625715103
128,64,0.0001,0.15,0.8,0.2897835053093824,0.8311000466346741,0.371150534233192,39885.391119297245
128,64,0.0001,0.15,0.9,0.3260064434730552,0.8289945721626282,0.38967038220475547,37492.72463205157
128,64,0.0001,0.15,1.0,0.36222938163672797,0.7758376002311707,0.5887784711956219,27265.790253484152
128,64,0.0001,0.2,0.8,0.12962154487030605,0.8611689805984497,0.31984050589680957,98418.92675874068
128,64,0.0001,0.2,0.9,0.1458242379790943,0.8602838516235352,0.3151997998699994,90864.85353315451
128,64,0.0001,0.2,1.0,0.16202693108788255,0.8601663708686829,0.31648435656898233,90753.49688588186
128,64,0.0001,0.25,0.8,0.06631008088884187,0.8716865181922913,0.21076156854862113,208727.30437971585
128,64,0.0001,0.25,0.9,0.07459884099994711,0.8706285357475281,0.21575613340268432,206472.7487494442
128,64,0.0001,0.25,1.0,0.08288760111105234,0.8696734309196472,0.21800004045995,203299.20078125258
128,64,0.0002,0.01,0.8,0.5938245936810628,0.4155382812023163,0.6632157962978843,3009.7656745622776
128,64,0.0002,0.01,0.9,0.6680526678911957,0.42313703894615173,0.6980465100459577,3333.0500864985825
128,64,0.0002,0.01,1.0,0.7422807421013284,0.395483136177063,0.5884602098751094,1411.509923900392
128,64,0.0002,0.05,0.8,0.2124936410527076,0.6662441492080688,0.30623208322435286,9689.709292629836
128,64,0.0002,0.05,0.9,0.23905534618429602,0.6681905388832092,0.3614328256573,9291.264623591695
128,64,0.0002,0.05,1.0,0.2656170513158845,0.664736807346344,0.3647835197110056,9638.143131585512
128,64,0.0002,0.1,0.8,0.2824133874541956,0.7928370237350464,0.43232055750924553,33566.27792150451
128,64,0.0002,0.1,0.9,0.31771506088597,0.7680854797363281,0.4672316384076138,25237.60648832882
128,64,0.0002,0.1,1.0,0.35301673431774444,0.7601288557052612,0.4887467824216152,23339.116964532586
128,64,0.0002,0.15,0.8,0.11726374803956006,0.894965648651123,0.195721954295552,147581.23539504842
128,64,0.0002,0.15,0.9,0.13192171654450507,0.8936098217964172,0.21199575891629335,134920.96123579858
128,64,0.0002,0.15,1.0,0.14657968504945007,0.8920661211013794,0.2275490023444846,133866.93974239688
128,64,0.0002,0.2,0.8,0.12480386022170636,0.9123363494873047,0.2013749515834023,204659.88268151443
128,64,0.0002,0.2,0.9,0.14040434274941965,0.9123899936676025,0.19735341049001592,196354.6514185287
128,64,0.0002,0.2,1.0,0.15600482527713294,0.9123899936676025,0.19735341049001595,196354.6514185287
128,64,0.0002,0.25,0.8,0.12627009564249966,0.9231183528900146,0.18198088287805156,288276.28681006975
128,64,0.0002,0.25,0.9,0.1420538575978121,0.9230537414550781,0.18226856145254466,287797.373608259
128,64,0.0002,0.25,1.0,0.15783761955312456,0.9208705425262451,0.20642282397087977,258584.91660637452
128,64,0.0003,0.01,0.8,0.5610794009213297,0.3863641023635864,0.5561644611943161,806.110709792762
128,64,0.0003,0.01,0.9,0.6312143260364959,0.42061370611190796,0.5811527416257142,1550.951748559687
128,64,0.0003,0.01,1.0,0.701349251151662,,,
128,64,0.0003,0.05,0.8,0.3843905330935704,0.498929500579834,0.6465791739341114,6473.875933129677
128,64,0.0003,0.05,0.9,0.43243934973026665,0.49637582898139954,0.7306547370348969,5741.323638329822
128,64,0.0003,0.05,1.0,0.48048816636696295,0.497888445854187,0.6158643058269282,6251.882147562061
128,64,0.0003,0.1,0.8,0.27784209556006867,0.8737741708755493,0.31328277850834835,85064.47955546626
128,64,0.0003,0.1,0.9,0.3125723575050773,0.8587198257446289,0.34145495462351194,59326.21728434605
128,64,0.0003,0.1,1.0,0.34730261945008584,0.832754909992218,0.42622864641632235,31414.851536402643
128,64,0.0003,0.15,0.8,0.08617149087501087,0.9225032925605774,0.1728456594068645,255794.0145492158
128,64,0.0003,0.15,0.9,0.09694292723438723,0.9218086004257202,0.17635903082999696,253027.1890863402
128,64,0.0003,0.15,1.0,0.10771436359376359,0.9212225079536438,0.1799602053152341,251053.41151192522
128,64,0.0003,0.2,0.8,0.17522536564619476,0.9214101433753967,0.17771921234462607,305969.51154510264
128,64,0.0003,0.2,0.9,0.1971285363519691,0.9046472907066345,0.24135716795173096,193505.44649057763
128,64,0.0003,0.2,1.0,0.21903170705774344,0.898391842842102,0.2875815699767034,158850.7769081618
128,64,0.0003,0.25,0.8,0.10882153442780854,0.9008876085281372,0.24508440386557478,183911.79527051013
128,64,0.0003,0.25,0.9,0.1224242262312846,0.9012048840522766,0.23987958983344687,177373.04587099908
128,64,0.0003,0.25,1.0,0.13602691803476066,0.8991051912307739,0.24876766323299718,165854.88660996576
128,64,0.0004,0.01,0.8,0.5332268035991274,0.38468560576438904,0.5830429659423694,869.6470385774471
128,64,0.0004,0.01,0.9,0.5998801540490183,0.33599987626075745,0.5042236451488918,639.147435470262
128,64,0.0004,0.01,1.0,0.6665335044989092,0.5172486305236816,0.6096062758103216,1866.8243189411335
128,64,0.0004,0.05,0.8,0.40852164997855556,0.35138824582099915,0.5958432108925239,2470.175268717974
128,64,0.0004,0.05,0.9,0.459586856225875,0.17592395842075348,0.5473798731369559,782.580637380786
128,64,0.0004,0.05,1.0,0.5106520624731944,0.23949307203292847,0.5284903008133373,889.4078914719196
128,64,0.0004,0.1,0.8,0.21816808696797138,0.8530612587928772,0.28573827235193355,50276.443293215256
128,64,0.0004,0.1,0.9,0.24543909783896778,0.8453229069709778,0.317541302236799,46393.91038113985
128,64,0.0004,0.1,1.0,0.2727101087099642,0.8257761001586914,0.35713031215364244,32120.280422701933
128,64,0.0004,0.15,0.8,0.15599085864300016,0.9172402024269104,0.16278163191665007,190597.44415023344
128,64,0.0004,0.15,0.9,0.17548971597337518,0.9144755601882935,0.2032363005780117,180457.78352254798
128,64,0.0004,0.15,1.0,0.1949885733037502,0.9144755601882935,0.2032363005780117,180457.78352254804
128,64,0.0004,0.2,0.8,0.09622740191986956,0.9391136765480042,0.14971941533479255,438288.5161945951
128,64,0.0004,0.2,0.9,0.10825582715985325,0.9358163475990295,0.1755592346715422,405221.41891435836
128,64,0.0004,0.2,1.0,0.12028425239983695,0.9356645941734314,0.1766056307159441,402816.97303316125
128,64,0.0004,0.25,0.8,0.15817393816009317,0.9247457385063171,0.20977644318567223,251830.62407721044
128,64,0.0004,0.25,0.9,0.1779456804301048,0.9144231677055359,0.2583527267844402,204134.29183972452
128,64,0.0004,0.25,1.0,0.19771742270011644,0.9134494066238403,0.26156457055809496,198468.3096876651
128,64,0.0005,0.01,0.8,0.45107971189442453,0.32145845890045166,0.5807683399669633,778.3499891273065
128,64,0.0005,0.01,0.9,0.5074646758812276,0.43886083364486694,0.42998301331511013,251.133188415368
128,64,0.0005,0.01,1.0,0.5638496398680306,,,
128,64,0.0005,0.05,0.8,0.31561773270769605,0.32760193943977356,0.5875249401606552,2540.872017945218
128,64,0.0005,0.05,0.9,0.35506994929615804,0.29834213852882385,0.5937662807390887,3019.0733801944193
128,64,0.0005,0.05,1.0,0.39452216588462,0.15866996347904205,0.6313878898526385,1043.723714298045
128,64,0.0005,0.1,0.8,0.23945957054308234,0.682918906211853,0.31400170845710895,8731.945751746598
128,64,0.0005,0.1,0.9,0.26939201686096764,0.6687227487564087,0.38077445995626524,8449.108311869322
128,64,0.0005,0.1,1.0,0.2993244631788529,0.6337831020355225,0.5085954481333149,8890.964151022026
128,64,0.0005,0.15,0.8,0.14016569177483879,0.9077588319778442,0.24736976806455818,124998.28969426364
128,64,0.0005,0.15,0.9,0.1576864032466936,0.9058956503868103,0.2575101122643673,116467.11220401053
128,64,0.0005,0.15,1.0,0.17520711471854847,0.9043617248535156,0.268315150675338,114431.84506500988
128,64,0.0005,0.2,0.8,0.10665873197867737,0.9340552091598511,0.1650885119799643,409526.127841209
128,64,0.0005,0.2,0.9,0.11999107347601204,0.9326078295707703,0.17207793135617588,382864.4839360183
128,64,0.0005,0.2,1.0,0.1333234149733467,0.9323060512542725,0.17441521086659711,379946.44511110877
128,64,0.0005,0.25,0.8,0.19643913382762812,0.924847424030304,0.2532886342189955,275331.8685097371
128,64,0.0005,0.25,0.9,0.2209940255560816,0.9211923480033875,0.2581099315666317,197014.6396916545
128,64,0.0005,0.25,1.0,0.24554891728453512,0.9149224162101746,0.273510243983427,165790.83531034493
128,64,0.0006,0.01,0.8,0.4425094670222919,,,
128,64,0.0006,0.01,0.9,0.49782315040007835,,,
128,64,0.0006,0.01,1.0,0.5531368337778648,,,
128,64,0.0006,0.05,0.8,0.37805314973716303,0.3720897138118744,0.5788146270896948,3496.4939913999906
128,64,0.0006,0.05,0.9,0.42530979345430836,0.19294217228889465,0.6092834031538761,1155.7111376684452
128,64,0.0006,0.05,1.0,0.47256643717145375,0.13456426560878754,0.5469705378139916,733.8986089103385
128,64,0.0006,0.1,0.8,0.3430514736263375,0.6156222224235535,0.6256457999057559,7164.241359263177
128,64,0.0006,0.1,0.9,0.38593290782962963,0.5084100961685181,0.6935488928237447,3845.7223670519775
128,64,0.0006,0.1,1.0,0.4288143420329218,0.3684500455856323,1.0660549949260092,2030.4129631718295
128,64,0.0006,0.15,0.8,0.16110094368857206,0.8622964024543762,0.3102299852625015,69315.4480707443
128,64,0.0006,0.15,0.9,0.18123856164964355,0.8603300452232361,0.2919240313734786,61712.07800102184
128,64,0.0006,0.15,1.0,0.20137617961071505,0.8602359294891357,0.29221978694396133,61651.23250576742
128,64,0.0006,0.2,0.8,0.27554436232358265,0.8893117308616638,0.3349434312634571,72730.40358849398
128,64,0.0006,0.2,0.9,0.30998740761403043,0.8881738185882568,0.3387657478905576,70186.9748569375
128,64,0.0006,0.2,1.0,0.34443045290447827,0.8771630525588989,0.36823904884711023,54845.13549884113
128,64,0.0006,0.25,0.8,0.21670666860448168,0.9207713603973389,0.2687316469027785,238349.99638328006
128,64,0.0006,0.25,0.9,0.24379500218004188,0.909296452999115,0.35726847281029683,165457.3625208088
128,64,0.0006,0.25,1.0,0.2708833357556021,0.9025148153305054,0.3352530094578864,135431.03103251287
128,64,0.0007,0.01,0.8,0.4890122153139103,0.39773404598236084,0.6831801022503706,784.0094352263015
128,64,0.0007,0.01,0.9,0.5501387422281491,0.3968111574649811,0.6360295162408179,272.5271551606543
128,64,0.0007,0.01,1.0,0.6112652691423879,,,
128,64,0.0007,0.05,0.8,0.43998511722487565,0.09859354048967361,0.5877221182034107,598.7981802288402
128,64,0.0007,0.05,0.9,0.4949832568779851,0.06514038890600204,0.6062805177030193,390.3494867569361
128,64,0.0007,0.05,1.0,0.5499813965310946,0.3620111048221588,0.4941501126827303,204.52583279330537
128,64,0.0007,0.1,0.8,0.23258830529547608,0.6660470962524414,0.37323166454428686,7863.9560945884905
128,64,0.0007,0.1,0.9,0.2616618434574106,0.6353604793548584,0.43475005103550746,8006.53236292662
128,64,0.0007,0.1,1.0,0.2907353816193451,0.5630237460136414,0.7390605348204413,5693.3446743465165
128,64,0.0007,0.15,0.8,0.4233814215736871,0.5894683003425598,0.5343609651608359,5854.096753098181
128,64,0.0007,0.15,0.9,0.47630409927039796,0.5657094120979309,0.5709367104540205,5235.642038782129
128,64,0.0007,0.15,1.0,0.5292267769671088,0.5657094120979309,0.5709367104540205,5235.642038782129
128,64,0.0007,0.2,0.8,0.2034356489770259,0.9335984587669373,0.2020530436182622,300368.6625367467
128,64,0.0007,0.2,0.9,0.22886510509915411,0.9306431412696838,0.23342009310380393,268293.0039333599
128,64,0.0007,0.2,1.0,0.25429456122128236,0.9031546711921692,0.3161093644515013,76941.53740946438
128,64,0.0007,0.25,0.8,0.16509620272274547,0.9285008311271667,0.21244749378945313,254160.23219405292
128,64,0.0007,0.25,0.9,0.18573322806308865,0.9133979082107544,0.26952343966803144,166601.80649239846
128,64,0.0007,0.25,1.0,0.20637025340343182,0.9132844805717468,0.2695772938516701,166109.94803771767
128,64,0.0008,0.01,0.8,0.4460001871204322,0.12206093966960907,0.5870829379521713,241.463233622956
128,64,0.0008,0.01,0.9,0.5017502105104863,,,
128,64,0.0008,0.01,1.0,0.5575002339005403,,,
128,64,0.0008,0.05,0.8,0.346254349476021,0.32302141189575195,0.6698930858122975,2131.0001683806427
128,64,0.0008,0.05,0.9,0.3895361431605236,0.08980071544647217,0.6918127620318196,759.2753749803695
128,64,0.0008,0.05,1.0,0.43281793684502623,0.24343520402908325,0.5371201812342011,891.9576007356231
128,64,0.0008,0.1,0.8,0.2591096766401195,0.6182623505592346,0.5534203469403833,6389.649389857173
128,64,0.0008,0.1,0.9,0.29149838622013446,0.5659659504890442,0.5736093876309222,6779.02847057699
128,64,0.0008,0.1,1.0,0.3238870958001494,0.5220419764518738,0.5222233276452586,5804.105177395772
128,64,0.0008,0.15,0.8,0.21955394849789794,0.8589407205581665,0.3623416651266982,57089.476779551966
128,64,0.0008,0.15,0.9,0.24699819206013518,0.8567225337028503,0.3743274518375329,55873.45604487771
128,64,0.0008,0.15,1.0,0.2744424356223724,0.8528271913528442,0.3944527060460252,46093.87683734935
128,64,0.0008,0.2,0.8,0.09822277888705787,0.9419991374015808,0.15707942774472852,510450.4717230596
128,64,0.0008,0.2,0.9,0.11050062624794009,0.9418632984161377,0.15851386813243917,509192.20405463484
128,64,0.0008,0.2,1.0,0.12277847360882232,0.9416764378547668,0.16045727201858362,506284.4981148224
128,64,0.0008,0.25,0.8,0.11640059719851521,0.9469493627548218,0.16275011603641132,623995.9243250876
128,64,0.0008,0.25,0.9,0.13095067184832962,0.9441409707069397,0.19466545342725555,579573.0707553333
128,64,0.0008,0.25,1.0,0.145500746498144,0.9440658688545227,0.19527369316221477,577503.6586690428
128,64,0.0009,0.01,0.8,0.4367530210079893,0.13701480627059937,0.592157079323017,509.89087159475264
128,64,0.0009,0.01,0.9,0.49134714863398793,0.34346258640289307,0.49990449935212805,768.0136171034131
128,64,0.0009,0.01,1.0,0.5459412762599866,,,
128,64,0.0009,0.05,0.8,0.27989771475083286,0.2961459457874298,0.6406312988496689,1955.4521623809471
128,64,0.0009,0.05,0.9,0.31488492909468696,0.2617450952529907,0.6177523810678627,2080.8963912295344
128,64,0.0009,0.05,1.0,0.34987214343854106,0.07017077505588531,0.6831256681234267,697.6093541204725
128,64,0.0009,0.1,0.8,0.511078032588569,0.15085220336914062,0.617796348318971,751.349041478999
128,64,0.0009,0.1,0.9,0.5749627866621401,0.2849942743778229,0.55102620288502,1054.0582937473764
128,64,0.0009,0.1,1.0,0.6388475407357112,0.27524319291114807,0.6059235655444233,859.1433310919895
128,64,0.0009,0.15,0.8,0.2699409141702889,0.8372013568878174,0.3958591938050904,35987.553317205675
128,64,0.0009,0.15,0.9,0.30368352844157503,0.8138881325721741,0.47306328597260944,34209.70444343796
128,64,0.0009,0.15,1.0,0.33742614271286114,0.6848059296607971,0.5136582224821896,10833.220415426586
128,64,0.0009,0.2,0.8,0.38043858250308915,0.874352753162384,0.38797044128961855,47759.016190689385
128,64,0.0009,0.2,0.9,0.42799340531597524,0.8352667689323425,0.49781118914390954,27728.875897027727
128,64,0.0009,0.2,1.0,0.4755482281288614,0.7918697595596313,0.5758961422681208,17792.64710833249
128,64,0.0009,0.25,0.8,0.2477505366291236,0.9210138320922852,0.27752304927823024,187879.46891920394
128,64,0.0009,0.25,0.9,0.278719353707764,0.8952430486679077,0.3306672343602246,83280.93747739852
128,64,0.0009,0.25,1.0,0.3096881707864045,0.8889089822769165,0.3676739828504875,66558.8696521865
128,64,0.001,0.01,0.8,0.4641938397035672,0.2620169520378113,0.550151086381244,521.7139981320067
128,64,0.001,0.01,0.9,0.5222180696665131,0.4163779616355896,0.5190798687165212,374.74556891974197
128,64,0.001,0.01,1.0,0.580242299629459,0.41658514738082886,0.5064083289337018,353.5047576907559
128,64,0.001,0.05,0.8,0.41411806180717553,0.2146006077528,0.6066632332052392,888.8962504258004
128,64,0.001,0.05,0.9,0.4658828195330724,,,
128,64,0.001,0.05,1.0,0.5176475772589694,,,
128,64,0.001,0.1,0.8,0.2563241272866496,0.6382980942726135,0.49062526777840487,8053.175308127831
128,64,0.001,0.1,0.9,0.28836464319748084,0.5758447051048279,0.5949379506038001,6973.046984515449
128,64,0.001,0.1,1.0,0.320405159108312,0.5591887831687927,0.6073564782572564,6871.044431372599
128,64,0.001,0.15,0.8,0.2003879289412391,0.8248070478439331,0.23094850328314803,35952.426990904685
128,64,0.001,0.15,0.9,0.22543642005889397,0.8227600455284119,0.2612326437891622,34259.422790378405
128,64,0.001,0.15,1.0,0.25048491117654886,0.817920446395874,0.2884763850131971,33666.26606585498
128,64,0.001,0.2,0.8,0.46914019415459607,0.8697007894515991,0.4153365070169626,38053.85382411319
128,64,0.001,0.2,0.9,0.5277827184239205,0.7247244715690613,0.5251442792059371,9973.608972432268
128,64,0.001,0.2,1.0,0.586425242693245,0.6923924088478088,0.5590189248143828,8506.154392108312
128,64,0.001,0.25,0.8,0.2811242037106645,0.8100882172584534,0.4926752949078959,29748.65305465473
128,64,0.001,0.25,0.9,0.31626472917449755,0.7876689434051514,0.4356604316379802,23573.864051214903
128,64,0.001,0.25,1.0,0.3514052546383306,0.6738817095756531,0.5711620619584246,11789.713154383899
256,128,0.0001,0.01,0.8,0.6621212457849297,0.39021024107933044,0.7170297881593299,1123.0398481792436
256,128,0.0001,0.01,0.9,0.744886401508046,0.4623371362686157,0.6110276267685828,1235.5215014195917
256,128,0.0001,0.01,1.0,0.8276515572311621,,,
256,128,0.0001,0.05,0.8,0.28533287516333394,0.5994666814804077,0.4413064222673175,7674.925086035489
256,128,0.0001,0.05,0.9,0.3209994845587507,0.6026229858398438,0.503645979821992,7496.300980845145
256,128,0.0001,0.05,1.0,0.35666609395416743,0.5593470335006714,0.5738923922770645,6132.804572955594
256,128,0.0001,0.1,0.8,0.10263342110744984,0.8432010412216187,0.21393606312953292,65512.02211407836
256,128,0.0001,0.1,0.9,0.11546259874588108,0.8424992561340332,0.21485588555357674,64858.42298610723
256,128,0.0001,0.1,1.0,0.1282917763843123,0.8416699171066284,0.220912327343733,64606.47043509547
256,128,0.0001,0.15,0.8,0.09460044055859124,0.8517346978187561,0.27742438834755645,75669.72457603429
256,128,0.0001,0.15,0.9,0.10642549562841513,0.852648138999939,0.27675698934272297,77938.01514420196
256,128,0.0001,0.15,1.0,0.11825055069823903,0.8514852523803711,0.2816005977125251,77595.3273526276
256,128,0.0001,0.2,0.8,0.055225135688673516,0.8957875967025757,0.22334041269981672,164068.97089457666
256,128,0.0001,0.2,0.9,0.0621282776497577,0.8985812664031982,0.19270751238865647,173333.31132456142
256,128,0.0001,0.2,1.0,0.06903141961084189,0.8972775936126709,0.1976999868676222,171755.6494476755
256,128,0.0001,0.25,0.8,0.06533143092931326,0.8639898896217346,0.29362331054888136,300878.8821761088
256,128,0.0001,0.25,0.9,0.07349785979547742,0.8634673953056335,0.2953080709873721,298332.72444699885
256,128,0.0001,0.25,1.0,0.08166428866164158,0.862314760684967,0.2994295490609406,292763.1259588307
256,128,0.0002,0.01,0.8,0.542946384009856,0.17374739050865173,0.6195475860412126,719.1321023496672
256,128,0.0002,0.01,0.9,0.6108146820110879,0.40672481060028076,0.5858320708612988,1258.1840800779355
256,128,0.0002,0.01,1.0,0.6786829800123199,,,
256,128,0.0002,0.05,0.8,0.27503193375928536,0.6118284463882446,0.3707843315499729,7094.969062927497
256,128,0.0002,0.05,0.9,0.309410925479196,0.6009061932563782,0.44944192125613336,7471.079582123399
256,128,0.0002,0.05,1.0,0.3437899171991067,0.354318231344223,0.5031545016627507,2193.1869012992547
256,128,0.0002,0.1,0.8,0.21609504454129122,0.7119979858398438,0.37868486025026116,14142.807663597661
256,128,0.0002,0.1,0.9,0.2431069251089526,0.683554470539093,0.4674847202335434,13572.52475541703
256,128,0.0002,0.1,1.0,0.270118805676614,0.6494542956352234,0.5567350809038388,11799.765111569124
256,128,0.0002,0.15,0.8,0.1772859852920334,0.8562005758285522,0.22273190770681622,58167.793791407305
256,128,0.0002,0.15,0.9,0.19944673345353756,0.8478792905807495,0.2838369520313281,59145.58953518145
256,128,0.0002,0.15,1.0,0.22160748161504173,0.809156596660614,0.41336166547052033,43631.56898224992
256,128,0.0002,0.2,0.8,0.04315537924295274,0.9295213222503662,0.11340110300106465,375798.4988929168
256,128,0.0002,0.2,0.9,0.04854980164832184,0.9288187026977539,0.11442706640147716,366330.1533505691
256,128,0.0002,0.2,1.0,0.053944224053690926,0.9277872443199158,0.11646755438237487,355006.24405904213
256,128,0.0002,0.25,0.8,0.11349958909663208,0.9217910170555115,0.21280233161161974,322571.9651223355
256,128,0.0002,0.25,0.9,0.1276870377337111,0.9171414375305176,0.2495871627644157,296177.07820649736
256,128,0.0002,0.25,1.0,0.1418744863707901,0.9134424328804016,0.28765440464351644,273033.80322068854
256,128,0.0003,0.01,0.8,0.5138812921107441,0.3843388259410858,0.5918314729235674,923.312414872176
256,128,0.0003,0.01,0.9,0.5781164536245871,0.43309518694877625,0.4678753603457123,987.758965544293
256,128,0.0003,0.01,1.0,0.6423516151384301,0.5256929397583008,0.39018125291667344,418.44683366827695
256,128,0.0003,0.05,0.8,0.33162918294314875,0.18901045620441437,0.5467813836659747,753.1336177309416
256,128,0.0003,0.05,0.9,0.3730828308110423,0.14909684658050537,0.590970234119936,270.4294317074835
256,128,0.0003,0.05,1.0,0.4145364786789359,0.147792786359787,0.5904446066210727,266.7506951977622
256,128,0.0003,0.1,0.8,0.16521841499877876,0.7256554961204529,0.3030757247950485,12218.04473092829
256,128,0.0003,0.1,0.9,0.1858707168736261,0.7086578607559204,0.32583186020147453,12388.961116130045
256,128,0.0003,0.1,1.0,0.20652301874847345,0.6940863728523254,0.344368489654762,12557.54915411393
256,128,0.0003,0.15,0.8,0.21232928863384318,0.7822627425193787,0.41423121148401815,34212.17358257587
256,128,0.0003,0.15,0.9,0.23887044971307358,0.7581989765167236,0.45937202051377996,29898.26681337583
256,128,0.0003,0.15,1.0,0.26541161079230396,0.7581989765167236,0.45937202051377996,29898.26681337583
256,128,0.0003,0.2,0.8,0.0650572872869591,0.9165188670158386,0.16595751380928672,220857.70834915366
256,128,0.0003,0.2,0.9,0.073189448197829,0.9160237908363342,0.16675735186743545,217320.80427405852
256,128,0.0003,0.2,1.0,0.08132160910869887,0.9157600998878479,0.1678771959322849,216292.74825468514
256,128,0.0003,0.25,0.8,0.05140598841009036,0.9346935749053955,0.1505491254025352,549567.8966360575
256,128,0.0003,0.25,0.9,0.057831736961351646,0.933687150478363,0.1541699350369626,537760.5185868406
256,128,0.0003,0.25,1.0,0.06425748551261294,0.9293068051338196,0.17590821853459943,495869.49813153985
256,128,0.0004,0.01,0.8,0.6943893888540887,,,
256,128,0.0004,0.01,0.9,0.7811880624608498,,,
256,128,0.0004,0.01,1.0,0.8679867360676109,,,
256,128,0.0004,0.05,0.8,0.3529744901547658,0.2458316832780838,0.5856482994153727,1268.9445908081602
256,128,0.0004,0.05,0.9,0.3970963014241115,0.31560251116752625,0.5359220239225878,1264.4563234377736
256,128,0.0004,0.05,1.0,0.44121811269345723,0.35107091069221497,0.6105820457968466,1412.0537533599158
256,128,0.0004,0.1,0.8,0.12579568115420817,0.7433948516845703,0.24038726822896433,10406.430117364465
256,128,0.0004,0.1,0.9,0.1415201412984842,0.7341150045394897,0.29396025348329063,10351.950780005225
256,128,0.0004,0.1,1.0,0.1572446014427602,0.7031832337379456,0.32154904453058486,11734.812982115523
256,128,0.0004,0.15,0.8,0.15590950044728935,0.7959373593330383,0.2342828625041042,17367.67117484812
256,128,0.0004,0.15,0.9,0.17539818800320053,0.7866025567054749,0.29140899180229857,18071.9349836606
256,128,0.0004,0.15,1.0,0.1948868755591117,0.7856823205947876,0.2897937125815201,18591.706833577096
256,128,0.0004,0.2,0.8,0.15347004470479245,0.910695493221283,0.23265879107591125,181438.87574509674
256,128,0.0004,0.2,0.9,0.1726538002928915,0.9060316681861877,0.27421479473283655,174480.97464150516
256,128,0.0004,0.2,1.0,0.19183755588099055,0.8857214450836182,0.355958033840313,142320.19849510657
256,128,0.0004,0.25,0.8,0.05038929199684614,0.9367043972015381,0.14572613717286811,775076.8049694984
256,128,0.0004,0.25,0.9,0.056687953496451914,0.9384878277778625,0.1446306050100466,635372.705302155
256,128,0.0004,0.25,1.0,0.06298661499605768,0.9377456307411194,0.1505811688095816,628250.3296370461
256,128,0.0005,0.01,0.8,0.5405392104199919,,,
256,128,0.0005,0.01,0.9,0.6081066117224908,0.48166653513908386,0.4059496178915455,175.8415605130969
256,128,0.0005,0.01,1.0,0.6756740130249898,,,
256,128,0.0005,0.05,0.8,0.3381941510210352,0.08476105332374573,0.568208229209156,371.873374187051
256,128,0.0005,0.05,0.9,0.3804684198986646,0.33363568782806396,0.4584454605543293,505.0565114872306
256,128,0.0005,0.05,1.0,0.422742688776294,0.3324076235294342,0.45913385987353256,503.3895546065951
256,128,0.0005,0.1,0.8,0.2677232630349573,0.6732537150382996,0.6855178151174658,9341.690329487099
256,128,0.0005,0.1,0.9,0.301188670914327,0.5158568620681763,0.7178081013869632,5786.356064514624
256,128,0.0005,0.1,1.0,0.33465407879369663,0.43118879199028015,0.6153993782314,4604.36375324961
256,128,0.0005,0.15,0.8,0.15009266379420091,0.7829583883285522,0.285371329403528,24589.187375018264
256,128,0.0005,0.15,0.9,0.16885424676847602,0.7633240818977356,0.3585991225394469,22747.204674282115
256,128,0.0005,0.15,1.0,0.18761582974275112,0.7085776925086975,0.445370167636404,20560.17379912764
256,128,0.0005,0.2,0.8,0.19011157277544447,0.9340274333953857,0.1924892911075909,296644.3129109366
256,128,0.0005,0.2,0.9,0.21387551937237503,0.9303457736968994,0.22165823809438226,264034.4653956023
256,128,0.0005,0.2,1.0,0.23763946596930557,0.9018434286117554,0.33234559463413305,92957.12983671195
256,128,0.0005,0.25,0.8,0.19205875385742152,0.9295153021812439,0.29509219378663143,216408.17639177956
256,128,0.0005,0.25,0.9,0.2160660980895992,0.9163171052932739,0.30608984586943666,131720.52388498693
256,128,0.0005,0.25,1.0,0.24007344232177688,0.9163171052932739,0.30608984586943666,131720.52388498693
256,128,0.0006,0.01,0.8,0.4438898126408106,,,
256,128,0.0006,0.01,0.9,0.49937603922091195,,,
256,128,0.0006,0.01,1.0,0.5548622658010133,,,
256,128,0.0006,0.05,0.8,0.37543633717156055,0.12189796566963196,0.7039943933424225,1250.8753353083432
256,128,0.0006,0.05,0.9,0.42236587931800557,0.3140607476234436,0.5055846287932667,234.00986616307557
256,128,0.0006,0.05,1.0,0.46929542146445063,0.433756023645401,0.41738353564361264,265.50655608288355
256,128,0.0006,0.1,0.8,0.23638948277188435,0.8608886003494263,0.3022107355368334,45008.01388861112
256,128,0.0006,0.1,0.9,0.2659381681183699,0.8368135094642639,0.3702567711487226,36806.25931801418
256,128,0.0006,0.1,1.0,0.2954868534648554,0.8102249503135681,0.4331572360308522,27990.344075187186
256,128,0.0006,0.15,0.8,0.1465367445173625,0.7670630812644958,0.2863089154018663,22246.45736609457
256,128,0.0006,0.15,0.9,0.16485383758203281,0.7665115594863892,0.2869658015425734,22201.114299161294
256,128,0.0006,0.15,1.0,0.18317093064670312,0.7665115594863892,0.2869658015425734,22201.114299161294
256,128,0.0006,0.2,0.8,0.10935380330871747,0.9310136437416077,0.22028583303148164,379199.2108770857
256,128,0.0006,0.2,0.9,0.12302302872230715,0.924521267414093,0.28602427087255555,265131.13272177783
256,128,0.0006,0.2,1.0,0.13669225413589683,0.924521267414093,0.28602427087255555,265131.13272177783
256,128,0.0006,0.25,0.8,0.02332767615803482,0.9027693867683411,0.16311519463674476,564738.0801860671
256,128,0.0006,0.25,0.9,0.02624363567778917,0.9022390842437744,0.1632358334332331,551670.5674470926
256,128,0.0006,0.25,1.0,0.029159595197543523,0.9016613960266113,0.16336802177247617,537055.9867238196
256,128,0.0007,0.01,0.8,0.5258654701180338,0.39516007900238037,0.6482577010578635,274.8957142600017
256,128,0.0007,0.01,0.9,0.591598653882788,,,
256,128,0.0007,0.01,1.0,0.6573318376475422,,,
256,128,0.0007,0.05,0.8,0.34152855011442385,0.1616547554731369,0.5368865584722191,427.6919388623621
256,128,0.0007,0.05,0.9,0.38421961887872685,0.2874361574649811,0.5128011586178555,390.5605047370013
256,128,0.0007,0.05,1.0,0.4269106876430298,0.4058299660682678,0.452617070089826,222.3644624120609
256,128,0.0007,0.1,0.8,0.21086432870379307,0.6786512732505798,0.3790675618980167,9325.302281520582
256,128,0.0007,0.1,0.9,0.2372223697917672,0.6410423517227173,0.44543836496043643,8841.440345549607
256,128,0.0007,0.1,1.0,0.2635804108797413,0.6239302754402161,0.4522824107438757,8884.35365611763
256,128,0.0007,0.15,0.8,0.2757073727950214,0.891731858253479,0.3571789560048394,54181.64386147362
256,128,0.0007,0.15,0.9,0.31017079439439904,0.8261445164680481,0.43397285037240535,17047.22525258656
256,128,0.0007,0.15,1.0,0.3446342159937767,0.8130638599395752,0.4625262564606397,13701.925094043943
256,128,0.0007,0.2,0.8,0.028559238829106326,0.8248310685157776,0.20222623706386755,81571.13050130784
256,128,0.0007,0.2,0.9,0.03212914368274462,0.823354184627533,0.2026595087526278,80161.21191428782
256,128,0.0007,0.2,1.0,0.03569904853638291,0.8222407698631287,0.20297543969954648,79067.6721634371
256,128,0.0007,0.25,0.8,0.015126755035027046,0.9259098768234253,0.07790664821555278,542327.9829027529
256,128,0.0007,0.25,0.9,0.017017599414405428,0.925311267375946,0.07828456860267191,534056.4896338899
256,128,0.0007,0.25,1.0,0.018908443793783807,0.9247094988822937,0.07863194135285162,524216.3948045112
256,128,0.0008,0.01,0.8,0.39674198790494764,0.44448256492614746,0.42274556326292817,266.4569178115628
256,128,0.0008,0.01,0.9,0.4463347363930661,0.43326643109321594,0.44938245195045673,291.2083664117328
256,128,0.0008,0.01,1.0,0.49592748488118454,0.4542747735977173,0.5043209092682911,496.31064879311737
256,128,0.0008,0.05,0.8,0.430692688259035,0.4082055687904358,0.4386649680133212,239.14344916488514
256,128,0.0008,0.05,0.9,0.4845292742914144,,,
256,128,0.0008,0.05,1.0,0.5383658603237937,,,
256,128,0.0008,0.1,0.8,0.24303804567882814,0.5999804139137268,0.4784367716431362,6226.731147026797
256,128,0.0008,0.1,0.9,0.27341780138868166,0.5260916948318481,0.5907866787722338,6307.13723494035
256,128,0.0008,0.1,1.0,0.3037975570985352,0.5035384297370911,0.6074345479040113,6028.642807422102
256,128,0.0008,0.15,0.8,0.22430554727782584,0.9217190146446228,0.3002935210188375,86533.3938414108
256,128,0.0008,0.15,0.9,0.25234374068755405,0.9217190146446228,0.3002935210188375,86533.3938414108
256,128,0.0008,0.15,1.0,0.2803819340972823,0.8946927785873413,0.38223050754393934,44529.8493397402
256,128,0.0008,0.2,0.8,0.28707040467400374,0.8572517037391663,0.3715021879941177,50691.63268932795
256,128,0.0008,0.2,0.9,0.32295420525825425,0.8486714959144592,0.39986438926361917,41161.761975643676
256,128,0.0008,0.2,1.0,0.3588380058425047,0.8224731683731079,0.4187718474302369,24232.128831382688
256,128,0.0008,0.25,0.8,0.15416130435087164,0.9334794878959656,0.2382718027450068,333242.54065415135
256,128,0.0008,0.25,0.9,0.1734314673947306,0.9328486323356628,0.24276419132159646,326658.2677360132
256,128,0.0008,0.25,1.0,0.19270163043858954,0.902180016040802,0.318430224270178,130840.58973504449
256,128,0.0009,0.01,0.8,0.49323932986602553,0.4556686282157898,0.4860772159077802,580.4657708749271
256,128,0.0009,0.01,0.9,0.5548942460992787,,,
256,128,0.0009,0.01,1.0,0.6165491623325319,,,
256,128,0.0009,0.05,0.8,0.3798394614967424,0.2961004972457886,0.5851913556076124,1314.6353307306056
256,128,0.0009,0.05,0.9,0.4273193941838352,0.41184455156326294,0.4377018144838449,263.9374922129475
256,128,0.0009,0.05,1.0,0.47479932687092796,0.4042716324329376,0.4843358612823949,301.41069774541484
256,128,0.0009,0.1,0.8,0.23067737955481493,0.6737761497497559,0.4263207055177983,7904.555352570071
256,128,0.0009,0.1,0.9,0.2595120519991668,0.6609153747558594,0.4823325443817767,8294.407917464692
256,128,0.0009,0.1,1.0,0.28834672444351866,0.5695227980613708,0.5498396814414472,7013.8119857612155
256,128,0.0009,0.15,0.8,0.3042160182489778,0.8199228644371033,0.4987815083911165,13273.553357060751
256,128,0.0009,0.15,0.9,0.34224302053010003,0.8158366084098816,0.45616703376010104,12920.475694920924
256,128,0.0009,0.15,1.0,0.38027002281122224,0.7193654775619507,0.49578222858080156,6799.521293838623
256,128,0.0009,0.2,0.8,0.15016678540779974,0.9356160759925842,0.2506382184361892,407809.9524970821
256,128,0.0009,0.2,0.9,0.1689376335837747,0.9332032799720764,0.27267451970110407,362347.3264866756
256,128,0.0009,0.2,1.0,0.18770848175974966,0.9208139181137085,0.296735090681314,217120.67257337092
256,128,0.0009,0.25,0.8,0.27131041723542115,0.895636796951294,0.3315320411477082,71234.60343365387
256,128,0.0009,0.25,0.9,0.3052242193898488,0.7968795895576477,0.4170751476421614,18560.076332938377
256,128,0.0009,0.25,1.0,0.3391380215442764,0.7884080410003662,0.43025296781317623,16981.76096425359
256,128,0.001,0.01,0.8,0.39989409633403145,0.3329605162143707,0.5186828107589948,224.34234351744954
256,128,0.001,0.01,0.9,0.4498808583757854,,,
256,128,0.001,0.01,1.0,0.4998676204175393,,,
256,128,0.001,0.05,0.8,0.3394564372316426,0.29813435673713684,0.5796214601619607,1342.3699841322923
256,128,0.001,0.05,0.9,0.38188849188559787,0.2838743329048157,0.5583229169880319,1080.499395861829
256,128,0.001,0.05,1.0,0.4243205465395532,0.3727598488330841,0.7871419088615398,2292.6142094490515
256,128,0.001,0.1,0.8,0.45968353786599475,0.28762972354888916,1.0048927077935117,1812.6331939241388
256,128,0.001,0.1,0.9,0.5171439800992441,0.15902088582515717,0.5533738655198138,574.7851526541795
256,128,0.001,0.1,1.0,0.5746044223324934,0.32277417182922363,0.5140977358604786,173.56489847215482
256,128,0.001,0.15,0.8,0.29132436064762696,0.9092015624046326,0.31770195106007915,91093.38714518523
256,128,0.001,0.15,0.9,0.3277399057285803,0.8395441770553589,0.42127932869282764,21191.026064488255
256,128,0.001,0.15,1.0,0.36415545080953365,0.8095601797103882,0.4587167280009315,14048.860119457548
256,128,0.001,0.2,0.8,0.1744866305107381,0.9127792119979858,0.29034652036475506,202172.7716708917
256,128,0.001,0.2,0.9,0.19629745932458034,0.8758336305618286,0.3759187846293715,76329.57426422823
256,128,0.001,0.2,1.0,0.2181082881384226,0.8634159564971924,0.4056698547600064,56549.4469274906
256,128,0.001,0.25,0.8,0.18123693562276233,0.951768159866333,0.16515106393371587,567286.9894753061
256,128,0.001,0.25,0.9,0.20389155257560762,0.9442585706710815,0.2560548555925935,430141.2989491085
256,128,0.001,0.25,1.0,0.2265461695284529,0.927509605884552,0.300423591351774,171993.10884520324
