hidden_layer_1,hidden_layer_2,learning_rate,beta,epsilon_multiplier,epsilon,number_of_clusters,number_of_outliers,outlier_percentage,smallest_cluster_size
128,64,0.0001,0.01,0.8,0.320047425281214,18,161,2.0486066929634816,58
128,64,0.0001,0.01,0.9,0.36005335344136574,14,158,2.010433897442423,58
128,64,0.0001,0.01,1.0,0.4000592816015175,14,100,1.272426517368622,55
128,64,0.0001,0.05,0.8,0.12112920485310226,17,162,2.0613309581371677,58
128,64,0.0001,0.05,0.9,0.13627035545974003,17,131,1.6668787377528946,59
128,64,0.0001,0.05,1.0,0.15141150606637782,17,97,1.2342537218475633,61
128,64,0.0001,0.1,0.8,0.09824167767552681,14,177,2.252194935742461,85
128,64,0.0001,0.1,0.9,0.11052188738496765,14,170,2.1631250795266572,85
128,64,0.0001,0.1,1.0,0.12280209709440851,14,163,2.074055223310854,85
128,64,0.0001,0.15,0.8,0.2897835053093824,12,106,1.3487721084107391,51
128,64,0.0001,0.15,0.9,0.3260064434730552,13,29,0.36900369003690037,51
128,64,0.0001,0.15,1.0,0.36222938163672797,9,29,0.36900369003690037,51
128,64,0.0001,0.2,0.8,0.12962154487030605,10,161,2.0486066929634816,188
128,64,0.0001,0.2,0.9,0.1458242379790943,11,100,1.272426517368622,58
128,64,0.0001,0.2,1.0,0.16202693108788255,11,96,1.221529456673877,61
128,64,0.0001,0.25,0.8,0.06631008088884187,12,71,0.9034228273317216,55
128,64,0.0001,0.25,0.9,0.07459884099994711,12,40,0.5089706069474488,68
128,64,0.0001,0.25,1.0,0.08288760111105234,12,24,0.30538236416846926,69
128,64,0.0002,0.01,0.8,0.5938245936810628,7,116,1.4760147601476015,74
128,64,0.0002,0.01,0.9,0.6680526678911957,6,61,0.7761801755948594,97
128,64,0.0002,0.01,1.0,0.7422807421013284,3,21,0.26720956864741063,286
128,64,0.0002,0.05,0.8,0.2124936410527076,21,385,4.898842091869195,58
128,64,0.0002,0.05,0.9,0.23905534618429602,22,250,3.181066293421555,50
128,64,0.0002,0.05,1.0,0.2656170513158845,21,221,2.8120626033846547,58
128,64,0.0002,0.1,0.8,0.2824133874541956,14,0,0.0,63
128,64,0.0002,0.1,0.9,0.31771506088597,13,0,0.0,63
128,64,0.0002,0.1,1.0,0.35301673431774444,12,0,0.0,63
128,64,0.0002,0.15,0.8,0.11726374803956006,14,243,3.0919964372057516,94
128,64,0.0002,0.15,0.9,0.13192171654450507,16,137,1.7432243287950122,50
128,64,0.0002,0.15,1.0,0.14657968504945007,16,113,1.4378419646265428,51
128,64,0.0002,0.2,0.8,0.12480386022170636,14,158,2.010433897442423,84
128,64,0.0002,0.2,0.9,0.14040434274941965,15,106,1.3487721084107391,51
128,64,0.0002,0.2,1.0,0.15600482527713294,15,106,1.3487721084107391,51
128,64,0.0002,0.25,0.8,0.12627009564249966,15,107,1.3614963735844254,51
128,64,0.0002,0.25,0.9,0.1420538575978121,15,106,1.3487721084107391,51
128,64,0.0002,0.25,1.0,0.15783761955312456,14,103,1.3105993128896807,51
128,64,0.0003,0.01,0.8,0.5610794009213297,5,82,1.04338974424227,30
128,64,0.0003,0.01,0.9,0.6312143260364959,3,6,0.07634559104211731,267
128,64,0.0003,0.01,1.0,0.701349251151662,1,0,0.0,7859
128,64,0.0003,0.05,0.8,0.3843905330935704,13,114,1.450566229800229,94
128,64,0.0003,0.05,0.9,0.43243934973026665,10,16,0.2035882427789795,51
128,64,0.0003,0.05,1.0,0.48048816636696295,9,0,0.0,58
128,64,0.0003,0.1,0.8,0.27784209556006867,18,63,0.8016287059422318,53
128,64,0.0003,0.1,0.9,0.3125723575050773,17,22,0.2799338338210969,55
128,64,0.0003,0.1,1.0,0.34730261945008584,15,3,0.03817279552105866,55
128,64,0.0003,0.15,0.8,0.08617149087501087,15,257,3.2701361496373584,56
128,64,0.0003,0.15,0.9,0.09694292723438723,15,241,3.066547906858379,60
128,64,0.0003,0.15,1.0,0.10771436359376359,15,228,2.901132459600458,63
128,64,0.0003,0.2,0.8,0.17522536564619476,16,149,1.8959155108792467,93
128,64,0.0003,0.2,0.9,0.1971285363519691,16,92,1.1706323959791323,56
128,64,0.0003,0.2,1.0,0.21903170705774344,15,63,0.8016287059422318,80
128,64,0.0003,0.25,0.8,0.10882153442780854,16,150,1.9086397760529328,47
128,64,0.0003,0.25,0.9,0.1224242262312846,15,127,1.6159816770581499,51
128,64,0.0003,0.25,1.0,0.13602691803476066,15,100,1.272426517368622,52
128,64,0.0004,0.01,0.8,0.5332268035991274,5,127,1.6159816770581499,54
128,64,0.0004,0.01,0.9,0.5998801540490183,5,6,0.07634559104211731,28
128,64,0.0004,0.01,1.0,0.6665335044989092,2,0,0.0,314
128,64,0.0004,0.05,0.8,0.40852164997855556,9,100,1.272426517368622,55
128,64,0.0004,0.05,0.9,0.459586856225875,5,15,0.1908639776052933,55
128,64,0.0004,0.05,1.0,0.5106520624731944,4,0,0.0,55
128,64,0.0004,0.1,0.8,0.21816808696797138,22,201,2.55757729991093,51
128,64,0.0004,0.1,0.9,0.24543909783896778,21,136,1.730500063621326,51
128,64,0.0004,0.1,1.0,0.2727101087099642,20,104,1.3233235780633668,53
128,64,0.0004,0.15,0.8,0.15599085864300016,19,183,2.328540526784578,51
128,64,0.0004,0.15,0.9,0.17548971597337518,20,122,1.5523603511897188,51
128,64,0.0004,0.15,1.0,0.1949885733037502,20,122,1.5523603511897188,51
128,64,0.0004,0.2,0.8,0.09622740191986956,18,238,3.0283751113373203,56
128,64,0.0004,0.2,0.9,0.10825582715985325,18,184,2.3412647919582645,63
128,64,0.0004,0.2,1.0,0.12028425239983695,18,182,2.315816261610892,63
128,64,0.0004,0.25,0.8,0.15817393816009317,17,55,0.6998345845527421,94
128,64,0.0004,0.25,0.9,0.1779456804301048,16,46,0.5853161979895661,94
128,64,0.0004,0.25,1.0,0.19771742270011644,16,40,0.5089706069474488,94
128,64,0.0005,0.01,0.8,0.45107971189442453,5,194,2.4685074436951266,51
128,64,0.0005,0.01,0.9,0.5074646758812276,2,71,0.9034228273317216,52
128,64,0.0005,0.01,1.0,0.5638496398680306,1,37,0.4707978114263901,7822
128,64,0.0005,0.05,0.8,0.31561773270769605,14,219,2.786614073037282,55
128,64,0.0005,0.05,0.9,0.35506994929615804,11,149,1.8959155108792467,55
128,64,0.0005,0.05,1.0,0.39452216588462,7,119,1.5141875556686601,55
128,64,0.0005,0.1,0.8,0.23945957054308234,22,262,3.3337574755057893,55
128,64,0.0005,0.1,0.9,0.26939201686096764,23,115,1.4632904949739152,42
128,64,0.0005,0.1,1.0,0.2993244631788529,17,112,1.4251176994528567,55
128,64,0.0005,0.15,0.8,0.14016569177483879,20,82,1.04338974424227,51
128,64,0.0005,0.15,0.9,0.1576864032466936,19,76,0.9670441532001526,51
128,64,0.0005,0.15,1.0,0.17520711471854847,19,64,0.814352971115918,51
128,64,0.0005,0.2,0.8,0.10665873197867737,17,289,3.677312635195318,51
128,64,0.0005,0.2,0.9,0.11999107347601204,18,237,3.0156508461636338,51
128,64,0.0005,0.2,1.0,0.1333234149733467,18,227,2.8884081944267717,51
128,64,0.0005,0.25,0.8,0.19643913382762812,18,160,2.035882427789795,52
128,64,0.0005,0.25,0.9,0.2209940255560816,17,139,1.7686728591423846,54
128,64,0.0005,0.25,1.0,0.24554891728453512,17,63,0.8016287059422318,59
128,64,0.0006,0.01,0.8,0.4425094670222919,1,324,4.122661916274335,7535
128,64,0.0006,0.01,0.9,0.49782315040007835,1,121,1.5396360860160325,7738
128,64,0.0006,0.01,1.0,0.5531368337778648,1,102,1.2978750477159944,7757
128,64,0.0006,0.05,0.8,0.37805314973716303,15,81,1.0306654790685839,54
128,64,0.0006,0.05,0.9,0.42530979345430836,8,0,0.0,54
128,64,0.0006,0.05,1.0,0.47256643717145375,4,0,0.0,50
128,64,0.0006,0.1,0.8,0.3430514736263375,15,74,0.9415956228527802,51
128,64,0.0006,0.1,0.9,0.38593290782962963,13,5,0.0636213258684311,51
128,64,0.0006,0.1,1.0,0.4288143420329218,7,0,0.0,51
128,64,0.0006,0.15,0.8,0.16110094368857206,18,191,2.430334648174068,63
128,64,0.0006,0.15,0.9,0.18123856164964355,17,140,1.781397124316071,65
128,64,0.0006,0.15,1.0,0.20137617961071505,17,139,1.7686728591423846,65
128,64,0.0006,0.2,0.8,0.27554436232358265,14,133,1.692327268100267,51
128,64,0.0006,0.2,0.9,0.30998740761403043,14,128,1.628705942231836,51
128,64,0.0006,0.2,1.0,0.34443045290447827,14,72,0.9161470925054078,51
128,64,0.0006,0.25,0.8,0.21670666860448168,18,220,2.7993383382109682,51
128,64,0.0006,0.25,0.9,0.24379500218004188,17,130,1.6541544725792083,51
128,64,0.0006,0.25,1.0,0.2708833357556021,16,107,1.3614963735844254,51
128,64,0.0007,0.01,0.8,0.4890122153139103,5,153,1.9468125715739915,22
128,64,0.0007,0.01,0.9,0.5501387422281491,4,31,0.3944522203842728,29
128,64,0.0007,0.01,1.0,0.6112652691423879,1,0,0.0,7859
128,64,0.0007,0.05,0.8,0.43998511722487565,5,54,0.6871103193790559,55
128,64,0.0007,0.05,0.9,0.4949832568779851,4,49,0.6234889935106248,55
128,64,0.0007,0.05,1.0,0.5499813965310946,2,0,0.0,55
128,64,0.0007,0.1,0.8,0.23258830529547608,22,216,2.7484412775162235,55
128,64,0.0007,0.1,0.9,0.2616618434574106,20,149,1.8959155108792467,55
128,64,0.0007,0.1,1.0,0.2907353816193451,16,117,1.4887390253212875,55
128,64,0.0007,0.15,0.8,0.4233814215736871,10,41,0.521694872121135,29
128,64,0.0007,0.15,0.9,0.47630409927039796,7,0,0.0,175
128,64,0.0007,0.15,1.0,0.5292267769671088,7,0,0.0,175
128,64,0.0007,0.2,0.8,0.2034356489770259,19,164,2.08677948848454,51
128,64,0.0007,0.2,0.9,0.22886510509915411,19,144,1.8322941850108156,51
128,64,0.0007,0.2,1.0,0.25429456122128236,16,106,1.3487721084107391,51
128,64,0.0007,0.25,0.8,0.16509620272274547,17,115,1.4632904949739152,51
128,64,0.0007,0.25,0.9,0.18573322806308865,15,113,1.4378419646265428,51
128,64,0.0007,0.25,1.0,0.20637025340343182,15,112,1.4251176994528567,51
128,64,0.0008,0.01,0.8,0.4460001871204322,4,148,1.8831912457055604,60
128,64,0.0008,0.01,0.9,0.5017502105104863,1,63,0.8016287059422318,7796
128,64,0.0008,0.01,1.0,0.5575002339005403,1,4,0.050897060694744874,7855
128,64,0.0008,0.05,0.8,0.346254349476021,11,109,1.386944903931798,51
128,64,0.0008,0.05,0.9,0.3895361431605236,6,106,1.3487721084107391,97
128,64,0.0008,0.05,1.0,0.43281793684502623,4,84,1.0688382745896425,97
128,64,0.0008,0.1,0.8,0.2591096766401195,20,248,3.1556177630741824,51
128,64,0.0008,0.1,0.9,0.29149838622013446,17,152,1.9340883064003052,51
128,64,0.0008,0.1,1.0,0.3238870958001494,14,130,1.6541544725792083,51
128,64,0.0008,0.15,0.8,0.21955394849789794,19,101,1.2851507825423083,51
128,64,0.0008,0.15,0.9,0.24699819206013518,19,74,0.9415956228527802,51
128,64,0.0008,0.15,1.0,0.2744424356223724,18,66,0.8398015014632905,51
128,64,0.0008,0.2,0.8,0.09822277888705787,17,254,3.2319633541162998,51
128,64,0.0008,0.2,0.9,0.11050062624794009,17,252,3.206514823768927,51
128,64,0.0008,0.2,1.0,0.12277847360882232,17,250,3.181066293421555,51
128,64,0.0008,0.25,0.8,0.11640059719851521,19,210,2.672095686474106,51
128,64,0.0008,0.25,0.9,0.13095067184832962,20,151,1.921364041226619,51
128,64,0.0008,0.25,1.0,0.145500746498144,20,150,1.9086397760529328,51
128,64,0.0009,0.01,0.8,0.4367530210079893,4,113,1.4378419646265428,55
128,64,0.0009,0.01,0.9,0.49134714863398793,3,43,0.5471434024685075,129
128,64,0.0009,0.01,1.0,0.5459412762599866,1,23,0.29265809899478307,7836
128,64,0.0009,0.05,0.8,0.27989771475083286,16,376,4.784323705306019,51
128,64,0.0009,0.05,0.9,0.31488492909468696,13,161,2.0486066929634816,51
128,64,0.0009,0.05,1.0,0.34987214343854106,5,114,1.450566229800229,55
128,64,0.0009,0.1,0.8,0.511078032588569,5,49,0.6234889935106248,98
128,64,0.0009,0.1,0.9,0.5749627866621401,3,29,0.36900369003690037,352
128,64,0.0009,0.1,1.0,0.6388475407357112,2,0,0.0,352
128,64,0.0009,0.15,0.8,0.2699409141702889,19,153,1.9468125715739915,51
128,64,0.0009,0.15,0.9,0.30368352844157503,17,143,1.8195699198371293,51
128,64,0.0009,0.15,1.0,0.33742614271286114,12,121,1.5396360860160325,110
128,64,0.0009,0.2,0.8,0.38043858250308915,12,72,0.9161470925054078,175
128,64,0.0009,0.2,0.9,0.42799340531597524,11,29,0.36900369003690037,175
128,64,0.0009,0.2,1.0,0.4755482281288614,10,25,0.3181066293421555,175
128,64,0.0009,0.25,0.8,0.2477505366291236,16,41,0.521694872121135,85
128,64,0.0009,0.25,0.9,0.278719353707764,14,35,0.4453492810790177,80
128,64,0.0009,0.25,1.0,0.3096881707864045,13,34,0.4326250159053315,94
128,64,0.001,0.01,0.8,0.4641938397035672,4,34,0.4326250159053315,54
128,64,0.001,0.01,0.9,0.5222180696665131,2,10,0.1272426517368622,81
128,64,0.001,0.01,1.0,0.580242299629459,2,6,0.07634559104211731,76
128,64,0.001,0.05,0.8,0.41411806180717553,4,8,0.10179412138948975,51
128,64,0.001,0.05,0.9,0.4658828195330724,1,0,0.0,7859
128,64,0.001,0.05,1.0,0.5176475772589694,1,0,0.0,7859
128,64,0.001,0.1,0.8,0.2563241272866496,19,214,2.722992747168851,51
128,64,0.001,0.1,0.9,0.28836464319748084,16,161,2.0486066929634816,51
128,64,0.001,0.1,1.0,0.320405159108312,12,121,1.5396360860160325,55
128,64,0.001,0.15,0.8,0.2003879289412391,20,276,3.511897187937397,51
128,64,0.001,0.15,0.9,0.22543642005889397,21,216,2.7484412775162235,51
128,64,0.001,0.15,1.0,0.25048491117654886,21,156,1.9849853670950504,51
128,64,0.001,0.2,0.8,0.46914019415459607,12,96,1.221529456673877,174
128,64,0.001,0.2,0.9,0.5277827184239205,9,24,0.30538236416846926,175
128,64,0.001,0.2,1.0,0.586425242693245,8,16,0.2035882427789795,175
128,64,0.001,0.25,0.8,0.2811242037106645,12,36,0.4580735462527039,157
128,64,0.001,0.25,0.9,0.31626472917449755,11,0,0.0,157
128,64,0.001,0.25,1.0,0.3514052546383306,8,0,0.0,229
256,128,0.0001,0.01,0.8,0.6621212457849297,5,77,0.9797684183738389,74
256,128,0.0001,0.01,0.9,0.744886401508046,2,22,0.2799338338210969,276
256,128,0.0001,0.01,1.0,0.8276515572311621,1,0,0.0,7859
256,128,0.0001,0.05,0.8,0.28533287516333394,19,77,0.9797684183738389,55
256,128,0.0001,0.05,0.9,0.3209994845587507,15,3,0.03817279552105866,59
256,128,0.0001,0.05,1.0,0.35666609395416743,13,0,0.0,62
256,128,0.0001,0.1,0.8,0.10263342110744984,19,128,1.628705942231836,51
256,128,0.0001,0.1,0.9,0.11546259874588108,19,119,1.5141875556686601,51
256,128,0.0001,0.1,1.0,0.1282917763843123,19,107,1.3614963735844254,59
256,128,0.0001,0.15,0.8,0.09460044055859124,18,133,1.692327268100267,51
256,128,0.0001,0.15,0.9,0.10642549562841513,17,118,1.5014632904949738,52
256,128,0.0001,0.15,1.0,0.11825055069823903,17,109,1.386944903931798,55
256,128,0.0001,0.2,0.8,0.055225135688673516,14,176,2.239470670568775,51
256,128,0.0001,0.2,0.9,0.0621282776497577,13,145,1.8450184501845017,52
256,128,0.0001,0.2,1.0,0.06903141961084189,13,121,1.5396360860160325,52
256,128,0.0001,0.25,0.8,0.06533143092931326,11,41,0.521694872121135,175
256,128,0.0001,0.25,0.9,0.07349785979547742,11,33,0.41990075073164523,175
256,128,0.0001,0.25,1.0,0.08166428866164158,11,19,0.24176103830003814,175
256,128,0.0002,0.01,0.8,0.542946384009856,7,129,1.6414302074055223,35
256,128,0.0002,0.01,0.9,0.6108146820110879,3,52,0.6616617890316834,44
256,128,0.0002,0.01,1.0,0.6786829800123199,1,14,0.1781397124316071,7845
256,128,0.0002,0.05,0.8,0.27503193375928536,21,325,4.1353861814480215,51
256,128,0.0002,0.05,0.9,0.309410925479196,19,240,3.053823641684693,51
256,128,0.0002,0.05,1.0,0.3437899171991067,15,171,2.1758493447003433,51
256,128,0.0002,0.1,0.8,0.21609504454129122,20,59,0.7507316452474869,45
256,128,0.0002,0.1,0.9,0.2431069251089526,18,1,0.012724265173686218,110
256,128,0.0002,0.1,1.0,0.270118805676614,16,0,0.0,110
256,128,0.0002,0.15,0.8,0.1772859852920334,19,187,2.379437587479323,51
256,128,0.0002,0.15,0.9,0.19944673345353756,18,110,1.3996691691054841,63
256,128,0.0002,0.15,1.0,0.22160748161504173,15,39,0.4962463417737626,150
256,128,0.0002,0.2,0.8,0.04315537924295274,19,292,3.715485430716376,51
256,128,0.0002,0.2,0.9,0.04854980164832184,19,270,3.4355515968952797,51
256,128,0.0002,0.2,1.0,0.053944224053690926,19,252,3.206514823768927,51
256,128,0.0002,0.25,0.8,0.11349958909663208,16,105,1.336047843237053,52
256,128,0.0002,0.25,0.9,0.1276870377337111,17,15,0.1908639776052933,57
256,128,0.0002,0.25,1.0,0.1418744863707901,16,0,0.0,72
256,128,0.0003,0.01,0.8,0.5138812921107441,6,138,1.7559485939686985,51
256,128,0.0003,0.01,0.9,0.5781164536245871,5,111,1.4123934342791704,54
256,128,0.0003,0.01,1.0,0.6423516151384301,2,87,1.107011070110701,62
256,128,0.0003,0.05,0.8,0.33162918294314875,5,40,0.5089706069474488,70
256,128,0.0003,0.05,0.9,0.3730828308110423,3,23,0.29265809899478307,70
256,128,0.0003,0.05,1.0,0.4145364786789359,3,3,0.03817279552105866,70
256,128,0.0003,0.1,0.8,0.16521841499877876,24,106,1.3487721084107391,55
256,128,0.0003,0.1,0.9,0.1858707168736261,22,95,1.2088051915001907,55
256,128,0.0003,0.1,1.0,0.20652301874847345,21,40,0.5089706069474488,55
256,128,0.0003,0.15,0.8,0.21232928863384318,17,32,0.407176485557959,63
256,128,0.0003,0.15,0.9,0.23887044971307358,15,0,0.0,150
256,128,0.0003,0.15,1.0,0.26541161079230396,15,0,0.0,150
256,128,0.0003,0.2,0.8,0.0650572872869591,24,120,1.5269118208423464,51
256,128,0.0003,0.2,0.9,0.073189448197829,24,112,1.4251176994528567,51
256,128,0.0003,0.2,1.0,0.08132160910869887,24,108,1.3742206387581117,51
256,128,0.0003,0.25,0.8,0.05140598841009036,22,227,2.8884081944267717,51
256,128,0.0003,0.25,0.9,0.057831736961351646,22,213,2.710268481995165,51
256,128,0.0003,0.25,1.0,0.06425748551261294,23,117,1.4887390253212875,51
256,128,0.0004,0.01,0.8,0.6943893888540887,1,27,0.34355515968952793,7832
256,128,0.0004,0.01,0.9,0.7811880624608498,1,0,0.0,7859
256,128,0.0004,0.01,1.0,0.8679867360676109,1,0,0.0,7859
256,128,0.0004,0.05,0.8,0.3529744901547658,7,117,1.4887390253212875,50
256,128,0.0004,0.05,0.9,0.3970963014241115,6,27,0.34355515968952793,51
256,128,0.0004,0.05,1.0,0.44121811269345723,3,26,0.3308308945158417,51
256,128,0.0004,0.1,0.8,0.12579568115420817,27,212,2.6975442168214783,55
256,128,0.0004,0.1,0.9,0.1415201412984842,27,140,1.781397124316071,55
256,128,0.0004,0.1,1.0,0.1572446014427602,22,110,1.3996691691054841,55
256,128,0.0004,0.15,0.8,0.15590950044728935,23,176,2.239470670568775,51
256,128,0.0004,0.15,0.9,0.17539818800320053,22,119,1.5141875556686601,47
256,128,0.0004,0.15,1.0,0.1948868755591117,21,102,1.2978750477159944,98
256,128,0.0004,0.2,0.8,0.15347004470479245,20,88,1.1197353352843875,58
256,128,0.0004,0.2,0.9,0.1726538002928915,20,35,0.4453492810790177,59
256,128,0.0004,0.2,1.0,0.19183755588099055,17,0,0.0,150
256,128,0.0004,0.25,0.8,0.05038929199684614,22,294,3.7409339610637486,51
256,128,0.0004,0.25,0.9,0.056687953496451914,21,241,3.066547906858379,51
256,128,0.0004,0.25,1.0,0.06298661499605768,21,229,2.9138567247741443,51
256,128,0.0005,0.01,0.8,0.5405392104199919,1,65,0.8270772362896042,7794
256,128,0.0005,0.01,0.9,0.6081066117224908,2,12,0.15269118208423463,29
256,128,0.0005,0.01,1.0,0.6756740130249898,1,7,0.08906985621580354,7852
256,128,0.0005,0.05,0.8,0.3381941510210352,7,136,1.730500063621326,28
256,128,0.0005,0.05,0.9,0.3804684198986646,3,43,0.5471434024685075,51
256,128,0.0005,0.05,1.0,0.422742688776294,3,31,0.3944522203842728,51
256,128,0.0005,0.1,0.8,0.2677232630349573,21,108,1.3742206387581117,55
256,128,0.0005,0.1,0.9,0.301188670914327,14,40,0.5089706069474488,55
256,128,0.0005,0.1,1.0,0.33465407879369663,8,40,0.5089706069474488,55
256,128,0.0005,0.15,0.8,0.15009266379420091,21,169,2.150400814352971,55
256,128,0.0005,0.15,0.9,0.16885424676847602,21,50,0.636213258684311,55
256,128,0.0005,0.15,1.0,0.18761582974275112,18,48,0.6107647283369385,55
256,128,0.0005,0.2,0.8,0.19011157277544447,20,127,1.6159816770581499,64
256,128,0.0005,0.2,0.9,0.21387551937237503,20,89,1.1324596004580736,67
256,128,0.0005,0.2,1.0,0.23763946596930557,18,50,0.636213258684311,90
256,128,0.0005,0.25,0.8,0.19205875385742152,17,133,1.692327268100267,66
256,128,0.0005,0.25,0.9,0.2160660980895992,16,68,0.865250031810663,90
256,128,0.0005,0.25,1.0,0.24007344232177688,16,68,0.865250031810663,90
256,128,0.0006,0.01,0.8,0.4438898126408106,1,79,1.0052169487212115,7780
256,128,0.0006,0.01,0.9,0.49937603922091195,1,47,0.5980404631632523,7812
256,128,0.0006,0.01,1.0,0.5548622658010133,1,30,0.3817279552105866,7829
256,128,0.0006,0.05,0.8,0.37543633717156055,6,145,1.8450184501845017,51
256,128,0.0006,0.05,0.9,0.42236587931800557,3,81,1.0306654790685839,51
256,128,0.0006,0.05,1.0,0.46929542146445063,2,3,0.03817279552105866,51
256,128,0.0006,0.1,0.8,0.23638948277188435,25,232,2.952029520295203,43
256,128,0.0006,0.1,0.9,0.2659381681183699,23,143,1.8195699198371293,51
256,128,0.0006,0.1,1.0,0.2954868534648554,20,62,0.7889044407685456,51
256,128,0.0006,0.15,0.8,0.1465367445173625,22,44,0.5598676676421938,55
256,128,0.0006,0.15,0.9,0.16485383758203281,22,40,0.5089706069474488,55
256,128,0.0006,0.15,1.0,0.18317093064670312,22,40,0.5089706069474488,55
256,128,0.0006,0.2,0.8,0.10935380330871747,23,34,0.4326250159053315,51
256,128,0.0006,0.2,0.9,0.12302302872230715,21,34,0.4326250159053315,98
256,128,0.0006,0.2,1.0,0.13669225413589683,21,34,0.4326250159053315,98
256,128,0.0006,0.25,0.8,0.02332767615803482,10,47,0.5980404631632523,190
256,128,0.0006,0.25,0.9,0.02624363567778917,10,36,0.4580735462527039,190
256,128,0.0006,0.25,1.0,0.029159595197543523,10,24,0.30538236416846926,190
256,128,0.0007,0.01,0.8,0.5258654701180338,3,94,1.1960809263265046,53
256,128,0.0007,0.01,0.9,0.591598653882788,1,55,0.6998345845527421,7804
256,128,0.0007,0.01,1.0,0.6573318376475422,1,16,0.2035882427789795,7843
256,128,0.0007,0.05,0.8,0.34152855011442385,6,69,0.8779742969843493,24
256,128,0.0007,0.05,0.9,0.38421961887872685,3,37,0.4707978114263901,51
256,128,0.0007,0.05,1.0,0.4269106876430298,2,27,0.34355515968952793,48
256,128,0.0007,0.1,0.8,0.21086432870379307,21,136,1.730500063621326,55
256,128,0.0007,0.1,0.9,0.2372223697917672,19,70,0.8906985621580354,55
256,128,0.0007,0.1,1.0,0.2635804108797413,16,57,0.7252831149001145,55
256,128,0.0007,0.15,0.8,0.2757073727950214,22,88,1.1197353352843875,51
256,128,0.0007,0.15,0.9,0.31017079439439904,19,72,0.9161470925054078,51
256,128,0.0007,0.15,1.0,0.3446342159937767,18,72,0.9161470925054078,51
256,128,0.0007,0.2,0.8,0.028559238829106326,12,62,0.7889044407685456,175
256,128,0.0007,0.2,0.9,0.03212914368274462,12,44,0.5598676676421938,175
256,128,0.0007,0.2,1.0,0.03569904853638291,12,31,0.3944522203842728,175
256,128,0.0007,0.25,0.8,0.015126755035027046,6,48,0.6107647283369385,424
256,128,0.0007,0.25,0.9,0.017017599414405428,6,35,0.4453492810790177,424
256,128,0.0007,0.25,1.0,0.018908443793783807,6,22,0.2799338338210969,424
256,128,0.0008,0.01,0.8,0.39674198790494764,2,183,2.328540526784578,53
256,128,0.0008,0.01,0.9,0.4463347363930661,2,85,1.0815625397633286,60
256,128,0.0008,0.01,1.0,0.49592748488118454,2,3,0.03817279552105866,95
256,128,0.0008,0.05,0.8,0.430692688259035,2,50,0.636213258684311,51
256,128,0.0008,0.05,0.9,0.4845292742914144,1,21,0.26720956864741063,7838
256,128,0.0008,0.05,1.0,0.5383658603237937,1,0,0.0,7859
256,128,0.0008,0.1,0.8,0.24303804567882814,19,210,2.672095686474106,51
256,128,0.0008,0.1,0.9,0.27341780138868166,15,108,1.3742206387581117,51
256,128,0.0008,0.1,1.0,0.3037975570985352,14,84,1.0688382745896425,54
256,128,0.0008,0.15,0.8,0.22430554727782584,23,155,1.9722611019213643,51
256,128,0.0008,0.15,0.9,0.25234374068755405,23,155,1.9722611019213643,51
256,128,0.0008,0.15,1.0,0.2803819340972823,21,151,1.921364041226619,51
256,128,0.0008,0.2,0.8,0.28707040467400374,13,131,1.6668787377528946,51
256,128,0.0008,0.2,0.9,0.32295420525825425,13,94,1.1960809263265046,51
256,128,0.0008,0.2,1.0,0.3588380058425047,12,57,0.7252831149001145,51
256,128,0.0008,0.25,0.8,0.15416130435087164,20,137,1.7432243287950122,51
256,128,0.0008,0.25,0.9,0.1734314673947306,20,130,1.6541544725792083,51
256,128,0.0008,0.25,1.0,0.19270163043858954,18,129,1.6414302074055223,51
256,128,0.0009,0.01,0.8,0.49323932986602553,2,83,1.0561140094159562,107
256,128,0.0009,0.01,0.9,0.5548942460992787,1,52,0.6616617890316834,7807
256,128,0.0009,0.01,1.0,0.6165491623325319,1,31,0.3944522203842728,7828
256,128,0.0009,0.05,0.8,0.3798394614967424,4,112,1.4251176994528567,54
256,128,0.0009,0.05,0.9,0.4273193941838352,2,73,0.928871357679094,55
256,128,0.0009,0.05,1.0,0.47479932687092796,2,61,0.7761801755948594,65
256,128,0.0009,0.1,0.8,0.23067737955481493,23,262,3.3337574755057893,51
256,128,0.0009,0.1,0.9,0.2595120519991668,21,151,1.921364041226619,51
256,128,0.0009,0.1,1.0,0.28834672444351866,16,99,1.259702252194936,52
256,128,0.0009,0.15,0.8,0.3042160182489778,19,57,0.7252831149001145,51
256,128,0.0009,0.15,0.9,0.34224302053010003,18,57,0.7252831149001145,51
256,128,0.0009,0.15,1.0,0.38027002281122224,14,57,0.7252831149001145,51
256,128,0.0009,0.2,0.8,0.15016678540779974,24,182,2.315816261610892,51
256,128,0.0009,0.2,0.9,0.1689376335837747,24,156,1.9849853670950504,51
256,128,0.0009,0.2,1.0,0.18770848175974966,22,144,1.8322941850108156,51
256,128,0.0009,0.25,0.8,0.27131041723542115,16,129,1.6414302074055223,51
256,128,0.0009,0.25,0.9,0.3052242193898488,11,85,1.0815625397633286,51
256,128,0.0009,0.25,1.0,0.3391380215442764,11,43,0.5471434024685075,51
256,128,0.001,0.01,0.8,0.39989409633403145,3,91,1.157908130805446,41
256,128,0.001,0.01,0.9,0.4498808583757854,1,6,0.07634559104211731,7853
256,128,0.001,0.01,1.0,0.4998676204175393,1,5,0.0636213258684311,7854
256,128,0.001,0.05,0.8,0.3394564372316426,4,166,2.1122280188319125,51
256,128,0.001,0.05,0.9,0.38188849188559787,5,91,1.157908130805446,49
256,128,0.001,0.05,1.0,0.4243205465395532,2,86,1.094286804937015,738
256,128,0.001,0.1,0.8,0.45968353786599475,4,33,0.41990075073164523,55
256,128,0.001,0.1,0.9,0.5171439800992441,3,10,0.1272426517368622,55
256,128,0.001,0.1,1.0,0.5746044223324934,2,6,0.07634559104211731,55
256,128,0.001,0.15,0.8,0.29132436064762696,22,132,1.679603002926581,51
256,128,0.001,0.15,0.9,0.3277399057285803,18,113,1.4378419646265428,51
256,128,0.001,0.15,1.0,0.36415545080953365,16,52,0.6616617890316834,55
256,128,0.001,0.2,0.8,0.1744866305107381,19,127,1.6159816770581499,70
256,128,0.001,0.2,0.9,0.19629745932458034,16,122,1.5523603511897188,70
256,128,0.001,0.2,1.0,0.2181082881384226,15,57,0.7252831149001145,80
256,128,0.001,0.25,0.8,0.18123693562276233,16,331,4.211731772490139,51
256,128,0.001,0.25,0.9,0.20389155257560762,17,249,3.168342028247869,51
256,128,0.001,0.25,1.0,0.2265461695284529,15,199,2.532128769563558,51
