cluster,age,gender,admissionheight,admissionweight,min_BUN,min_Hgb,min_WBC x 1000,min_anion gap,min_bicarbonate,min_chloride,min_creatinine,min_glucose,min_lactate,min_platelets x 1000,min_potassium,min_sodium,max_BUN,max_Hgb,max_WBC x 1000,max_anion gap,max_bicarbonate,max_chloride,max_creatinine,max_glucose,max_lactate,max_platelets x 1000,max_potassium,max_sodium,mean_BUN,mean_Hgb,mean_WBC x 1000,mean_anion gap,mean_bicarbonate,mean_chloride,mean_creatinine,mean_glucose,mean_lactate,mean_platelets x 1000,mean_potassium,mean_sodium,std_BUN,std_Hgb,std_WBC x 1000,std_anion gap,std_bicarbonate,std_chloride,std_creatinine,std_glucose,std_lactate,std_platelets x 1000,std_potassium,std_sodium,total_lab_measurements,sao2_fpc1,sao2_fpc2,sao2_fpc3,sao2_fpc4,sao2_fpc5,sao2_fpc6,sao2_fpc7,sao2_fpc8,hr_fpc1,hr_fpc2,rr_fpc1,rr_fpc2,rr_fpc3,rr_fpc4,ethnicity_African American,ethnicity_Asian,ethnicity_Caucasian,ethnicity_Hispanic,ethnicity_Native American,ethnicity_Other/Unknown,unittype_CCU-CTICU,unittype_CTICU,unittype_Cardiac ICU,unittype_MICU,unittype_Med-Surg ICU,unittype_Neuro ICU,unittype_SICU
0,0.12047492480664447,1.014686824524784,-0.47472342303069487,-0.10770038523180261,-0.017712514836570627,-0.14834356143327104,0.0911000568129014,-0.04979775496169003,-0.16445253396874598,0.07708906398995254,-0.06676642019360102,-0.017032783266975278,0.03426652508113102,0.09175240671944097,-0.19147084873266754,-0.08375503826163255,-0.010853934851838474,-0.1091780975837479,0.0909198906836646,-0.0009185899594443332,-0.15759595508889776,0.06096615660947298,-0.05818049896544598,0.06151078059909102,0.06016534410031281,0.10028817188002294,-0.05537311694596976,0.005354546080117876,-0.013812164388539334,-0.13291799885297761,0.09196450105145068,-0.02135906852957393,-0.16822477305099906,0.07064680881485629,-0.06098836730092198,0.03063228796938753,0.0469438259625744,0.09635319751799958,-0.12839336884582056,-0.035161518142434116,-0.0009716893592080635,0.10188711470941968,0.04362430429871343,0.09544072367028983,0.06133323669960436,-0.02523014116764662,-0.02028233274060414,0.07886381762218132,0.08730113049986024,0.06833167971061287,0.1163712003308676,0.1474080478012535,0.06152455293710006,-0.06413376161629525,-0.012319336145547423,-0.042542980584131355,-0.11676478248107743,-0.020540636434382056,-0.01926206444687276,-0.06296967044217211,0.02110882762061108,-0.007533644768208468,0.017034602884135993,-0.004698696364056662,0.003337245887462835,0.016797501444271556,-0.022685936620708804,-0.29543000990989865,-0.14709713068291705,0.5057625705492819,-0.21166691825983647,-0.1185444631062241,-0.21832315432270982,-0.2791630735556159,-0.09039845979045258,-0.2799784712070358,2.798282472286977,-1.4661638786986528,-0.15524073968189747,-0.16842786454257566
1,0.07327733250713259,1.014686824524784,-0.5063854977978387,-0.19196892898523,-0.10751926438214819,-0.09895040228401589,0.020395714485481234,0.05360524844719247,-0.021173605870761104,0.000798720117651602,-0.15807777746771748,0.012931707094442477,-0.002780748270701252,0.07750706545863618,-0.09484405430722254,0.03508280005017465,-0.11219642086789623,-0.10758625843905059,0.012478728885816212,0.01973001503836609,-0.037846469505779336,0.009202055071230723,-0.16467410900897347,0.00040705444545363325,-0.010624191892874285,0.07680720962173115,-0.08730460768221557,0.021266393094192586,-0.11112689531429053,-0.10623124051218984,0.016319423667977964,0.036179650420434556,-0.03106430348482318,0.004097181201835788,-0.16353474341730453,0.004056717369188669,-0.004431394518307829,0.07773371337841878,-0.10127945506839407,0.029039201687695002,-0.060485080458346024,-0.007864409344522543,-0.01740213536709045,-0.05581989875151552,-0.024151510019187986,0.020295209559295785,-0.08748573206482094,-0.009756967706343406,-0.007729458332693255,0.012693444200090621,0.003555762999396378,-0.021787677761608632,-0.0316932119023479,-0.04224875557774415,0.02195751533094155,0.0011728314229890997,0.0023707378238769267,0.035141430491306594,-0.010512860195860467,0.013180552041070194,-0.025231514504492097,-0.038197034283895266,0.019523604709775058,0.008282530249062474,-0.014025415602585736,-0.038642481914347084,0.02142992321032775,-0.29543000990989865,-0.14709713068291705,0.5057625705492819,-0.2116669182598365,-0.1185444631062241,-0.21832315432270982,-0.2791630735556159,-0.09039845979045258,-0.2799784712070358,-0.3573153378060339,0.6819628156092583,-0.15524073968189747,-0.16842786454257566
2,0.08910745053657013,-0.9853968955694296,0.5533208532526077,0.23035150312164246,0.07013179653610169,0.18399117553332547,-0.004646710996371202,-0.03482927689176483,0.12312835863931988,-0.10637040308873731,0.04329782305310564,0.03332881695151161,-0.015947585352627632,-0.0729388060514362,0.18336595788149448,-0.040394444177502514,0.05752285246149044,0.17197779179997488,-0.007738009591184481,-0.05631558719141256,0.10412313261029228,-0.1391005816018234,0.036313194003354296,-0.061971323133686945,-0.015872923426531578,-0.07737550844202973,0.09231280827637076,-0.08307484919809023,0.06421008871888832,0.1838474682355029,-0.005262633801112704,-0.04577769616681173,0.11772960244355507,-0.1253227405789387,0.039776682170230546,-0.0207004743326648,-0.015198790066617777,-0.07585544323620455,0.14856471079022532,-0.06373182852767942,-0.018555692535481897,-0.037795434564022394,-0.009870557064321486,-0.04915756598510424,-0.055494366294401104,-0.08174474357586285,-0.004950208026012468,-0.09829021762741967,-0.01097000077483776,-0.03094230433414839,-0.08145521838667799,-0.08785726703791735,-0.05043522779117093,0.0014393811440377917,0.0011877548832458095,-0.027455804404233314,0.006951399378095861,0.006611992280023085,-3.587910085503004e-05,-0.014344435577580021,0.020489835567712916,0.07345846464068745,0.007853389414058097,0.0016102441012060484,0.004403200453017042,0.018759922646392122,0.01793761087384611,-0.29543000990989865,-0.14709713068291705,0.5057625705492819,-0.2116669182598365,-0.1185444631062241,-0.21832315432270982,-0.2791630735556159,-0.09039845979045258,-0.2799784712070358,-0.3573153378060339,0.6819628156092583,-0.15524073968189747,-0.16842786454257566
3,0.13121463943950315,-0.9853968955694294,0.5515913835378548,0.29376277615531066,0.15510225248196605,0.15355703144962554,0.03701774467235286,-0.1668341444116224,-0.018920624520043228,-0.05666430680392233,0.06965780601290009,0.024626662990543963,0.037891943176954594,-0.1101666104748928,0.19121908721208006,-0.16616396067876493,0.16278446515964087,0.16415986505557195,0.029511758596504057,-0.12106037816792933,0.0012320449907085522,-0.06696784761967721,0.07192957016845822,-0.01034615804198023,-0.02451320557794453,-0.09663549475856752,0.18859337222853925,-0.15732382849600424,0.1622174918084632,0.16264385604040718,0.030389354151778965,-0.14962388217516098,-0.005795971105501471,-0.06198422164506714,0.07439908305051465,0.010599463405552014,-8.777975703209505e-05,-0.10336242888259815,0.1998706800390354,-0.16215850491588524,0.10369246205211315,-0.02042729674303144,-0.00886079758052807,0.052187871277352804,0.04608527423882864,-0.021991717913200533,0.04985170893705981,-0.0365122433785202,-0.05290605710074567,0.05280608831908904,-0.007753655781386731,0.006430720360144935,-0.06953773023568503,0.004856271468261596,-0.015443076872399073,-0.06149572008886023,-0.06252864510094805,-0.0004760599294015595,-0.01817229760611302,-0.06072067926837024,0.02602414622145251,0.0630121224116838,-0.07061494214061446,0.038204917471496846,-0.01743389505507384,0.0593909763545596,-0.06643722968563419,-0.29543000990989865,-0.14709713068291705,0.5057625705492819,-0.2116669182598365,-0.11854446310622409,-0.21832315432270982,-0.2791630735556159,-0.09039845979045258,-0.2799784712070358,2.798282472286977,-1.4661638786986528,-0.15524073968189747,-0.16842786454257566
4,-0.04953988972724488,-0.9853968955694294,0.6683253015361366,0.37976494337893546,0.04503534342733029,-0.028244542434398938,-0.0685481907805238,-0.17945480296072072,0.07376943476254111,-0.03477447073708015,-0.011516072412712243,-0.04901044659579013,0.03471014766980222,0.1105193045042335,0.14338397526797253,-0.14519328602897796,0.00910370070922009,-0.07600203552417872,-0.06239841516823197,-0.15673249422373067,0.02682900761696819,-0.07091814769798238,-0.029135163948018253,-0.16530462416864292,-0.10021987316270622,0.10804757794556803,0.09834087194727016,-0.1712373929342357,0.025172200951004243,-0.04987930745164671,-0.0650455341951848,-0.17375546561865482,0.05537595080342088,-0.05447170963975664,-0.022086335916181893,-0.13306577074950016,-0.03956384839659121,0.111845727356967,0.14333739908906462,-0.16157665235728924,-0.09836616202112178,-0.07642431490336479,0.027784853714157676,0.03733896040523809,-0.06677990126368685,-0.05894075403504298,-0.05075162481413389,-0.1626805824362295,-0.1790700485092599,0.03997728637189629,0.004966087375915555,-0.048791202704457894,-0.06895738986397291,-0.17345249318326472,-0.11573286203894484,0.05543150136312489,-0.20767914253069877,-0.06697007318120508,0.3273334683757448,-0.05860153999127223,-0.1574416389178713,-0.06395936237285468,-0.030184942921381644,0.16714219616208545,-0.15554934609425936,-0.07171513109936337,-0.13486993557917448,-0.29543000990989865,-0.14709713068291705,0.5057625705492819,-0.2116669182598365,-0.1185444631062241,-0.21832315432270982,-0.2791630735556159,-0.09039845979045258,-0.2799784712070358,-0.3573153378060339,-1.4661638786986528,-0.15524073968189747,5.936483547882157
5,-0.25086989528516995,-0.9853968955694296,0.5254307677773646,0.08343721923394919,0.061153543697782184,0.045137037545575596,-0.07843581464709852,0.030544717772792707,0.05733442603859319,0.09447634262320524,0.4630266343130245,-0.10759313128253344,0.21156338087476156,-0.05053823827264582,0.11426361137711226,0.2805057073027782,0.07019612172842637,0.002408685000531931,-0.09150341669458473,0.0676165221854916,0.08503833745741655,0.11683991598219892,0.4727735953896286,0.013294916813952675,0.18866268499090996,-0.06197451258193386,0.08155421222814324,0.2913514905005925,0.06660503037888131,0.024448095531631773,-0.08245582214153811,0.05714899186098753,0.0723975171595235,0.1024088040295387,0.4743935359258869,-0.037022113059155586,0.2093777601211533,-0.05553064200319546,0.10946496781452388,0.288981688809916,0.05564501580487822,-0.08617332172202048,-0.09014905815640181,0.08148043302589401,0.05361078352827144,0.06571336788874864,0.21637141890147893,0.1276769275786813,0.0896564791055444,-0.07848001312394949,-0.010506811290335243,0.05060222317730133,0.01630266331028129,0.08280638204301585,0.1317772918902848,-0.022482545097826562,0.13760450943379912,-0.04404817425362348,0.010907848685991027,0.11922594238102868,0.21642647252353472,-0.0776054032456449,-0.11008192869599057,-0.02745802722529122,0.08612780298828389,-0.03355184819356297,-0.0072624192250884245,3.3844538920296854,-0.14709713068291705,-1.9769538219801837,-0.2116669182598365,-0.1185444631062241,-0.21832315432270982,-0.2791630735556159,-0.09039845979045258,-0.2799784712070358,-0.3573153378060339,0.6819628156092583,-0.15524073968189747,-0.16842786454257566
6,0.11832368891905715,-0.9853968955694296,0.5198486500732666,0.10412759784689236,0.17229022805362254,0.2510367596013072,-0.02085931761297018,0.18088824554449673,0.10303247150088318,0.030864145083142114,0.02406218308724699,-0.05711708865906952,-0.09895085080627639,-0.055035950457299004,0.12783089254345253,0.001035848137925747,0.1552549561637641,0.2677419067688401,-0.023811435999034552,0.13497009211775715,0.11176720034404646,-0.008822721512622573,0.023987835781706626,-0.05569854283691252,-0.13038462434713471,-0.08470772108516365,0.09966681253025203,-0.024740328334923446,0.1624220581453631,0.26609456936072146,-0.022209930541827006,0.16098178718535677,0.11008529948876088,0.011827671626338935,0.023625049773989867,-0.0623096846160333,-0.12430215833764859,-0.07132843007041256,0.12442825673884127,-0.006898074678506973,0.005499053588826413,-0.014784271481261192,-0.0447684972045465,-0.0372967292187017,0.009767559834703288,-0.08336167044374991,0.014290006970926349,-0.01705228254142763,-0.1415146023189323,-0.14560590323339168,-0.03580735659246858,-0.056190037017600815,0.17442391620999695,0.019411011529526408,0.024360475202866265,-0.021674420643102453,-0.09131900635026685,0.02755433511964524,0.02343667142150901,-0.039395522518600776,0.1434872153745634,0.15289627071645584,0.030313439181943923,-0.12853149997693292,0.0937481260352116,-0.04628739417694366,-0.10338958485544406,-0.2954300099098986,-0.14709713068291705,0.5057625705492819,-0.2116669182598365,-0.1185444631062241,-0.21832315432270982,3.581667281875398,-0.09039845979045258,-0.2799784712070358,-0.3573153378060339,-1.4661638786986528,-0.15524073968189747,-0.16842786454257566
7,-0.3587780530366909,1.014686824524784,-0.46123525968535856,0.05411626522585401,0.004006222071208368,-0.29238237515455007,-0.11061510113478082,0.02566845621993492,0.08539866791494731,0.26115533976992494,0.29657038426533994,0.1638024624415557,-0.005216207476611809,0.122631423077633,-0.048989052395220146,0.3658439407569207,-0.027290024967832907,-0.39410055787235526,-0.1416346718423483,-0.009959332551202574,0.020193059489376105,0.1840326264266785,0.2607346447700911,0.08238484791145101,-0.026515256332990365,0.10419349727962235,-0.11640049532861645,0.28661256749426056,-0.011679739485198487,-0.35163508010753725,-0.1313955856086608,0.0032033893289031257,0.05245375694718588,0.22884508297429818,0.27934482472655253,0.13786407422629884,-0.01997758631026745,0.1131103034553787,-0.09074937570378487,0.33311450429074085,-0.10779804738238472,-0.20232144080740008,-0.1272769249302017,-0.052753331069935815,-0.1265501526719906,-0.18380636128602876,0.00527350420934059,0.0002575439975239712,-0.03640684977667766,-0.05468024564397984,-0.08741712196981027,-0.1568979487280448,-0.13861930508803977,-0.04459617968883644,-0.16445561361699157,-0.20105182481352918,0.05509802818004509,0.11244875046146835,-0.014758285121432643,-0.019792402364540964,-0.12106464509388279,-0.06264667123992616,-0.012014324981694713,0.0970413205904534,0.04049520719847503,-0.021370837272190257,0.01280102363674276,3.3844538920296854,-0.14709713068291705,-1.9769538219801837,-0.21166691825983647,-0.1185444631062241,-0.21832315432270982,-0.2791630735556159,-0.09039845979045258,-0.2799784712070358,-0.3573153378060339,0.6819628156092583,-0.15524073968189747,-0.16842786454257566
8,0.06337929381138997,1.014686824524784,-0.45450135401227953,-0.20934868643523172,-0.10660282444793745,-0.05326677971053822,0.022732920575689965,0.27430549079347205,-0.023590953908753654,0.035146391781766984,-0.1945104316168994,-0.05573461640877693,-0.05980015367951909,0.08650711513894506,-0.21114003523481303,-0.0435561283380159,-0.09302203651255708,-0.10848129477125149,0.012022861842468178,0.23268312820666565,-0.028516810535176677,0.06891098265464368,-0.17237253997563584,-0.09762044727737137,-0.04858427336726445,0.06768701943711153,-0.12737712599378292,0.0006144725895635196,-0.10363087679860265,-0.08033500249789575,0.018706661857716626,0.2649595137997435,-0.025551075623896472,0.050395087029591425,-0.1863551102233546,-0.09089194451792937,-0.06885512330289228,0.07703757211755473,-0.18208251876164266,-0.024109878694498835,0.015168086429447596,-0.09712188028433655,-0.009616376489620916,0.01580065069900279,0.024014759613150676,0.11175802749144863,-0.003816313810988476,-0.07014380050667032,-0.018096541277042848,-0.04776452162648117,0.06563630932828203,0.09130693679581918,-0.011478702330767884,-0.09548880798804088,0.003039907909461043,0.05118535374456713,-0.06918626014677057,-0.01857068400160439,0.059738024333020626,0.008214429047772098,-0.02975098966115766,0.0795642833642824,-0.015392658239304264,-0.07897752197777232,-0.1366459004703203,-0.010910315941955212,-0.030239247175369903,-0.29543000990989865,-0.14709713068291705,0.49462931318367886,-0.2116669182598365,-0.08018977769136658,-0.21832315432270982,3.5816672818753976,-0.09039845979045258,-0.2799784712070358,-0.3573153378060339,-1.4661638786986528,-0.15524073968189747,-0.16842786454257566
9,-0.00544177781433996,1.014686824524784,-0.5485300849390162,0.015885413563731684,-0.13097546165095372,-0.26025565331932715,-0.06702460333256322,-0.21236445118409245,-0.48752171900669594,0.054989868062179634,-0.21772982934424584,-0.07199035334009693,-0.0787822446969007,-0.16671183688319913,-0.10318001147963275,-0.33121323722368057,-0.06282373692673152,-0.01468528600147283,0.07048798609986694,-0.07598458927462483,-0.2837581154760182,0.23825215772385638,-0.14060243655768837,0.015293358027181443,0.05413785702023803,-0.013963199374696348,0.14450925457076655,-0.10616318605207781,-0.09779937523302151,-0.16154640655481423,0.008495554211037542,-0.14122117534210726,-0.4333069601405381,0.1645215877958395,-0.1858142087035462,-0.011848935107769864,-0.010671399504188737,-0.08928201840110861,0.005976706334824211,-0.23573908494914028,0.25475345286581724,0.5067594934893143,0.3714631014216605,0.24668001881541943,0.4900111161686543,0.5238696614161051,0.18432131918994943,0.07422665281625754,0.1363783704257999,0.6264710347332225,0.24810979036477548,0.44459005555512293,0.5689381367545354,-0.11558988376105937,-0.07189880944023094,0.23266045013256412,-0.020523506234765433,0.12211491623369024,0.13465946139389068,0.26211774699054474,-0.03145186447629808,-0.30803611184840446,-0.004095031369836274,0.036465939752113506,-0.07691641681833748,0.24152721807480595,-0.11250989295015887,-0.29543000990989865,-0.14709713068291705,0.5057625705492819,-0.2116669182598365,-0.1185444631062241,-0.21832315432270982,-0.2791630735556159,-0.09039845979045258,-0.2799784712070358,-0.3573153378060339,-1.4661638786986528,-0.15524073968189747,5.936483547882157
10,-0.13896686075819933,-0.9853968955694296,0.5896225401847266,0.10447315627956492,-0.037398197130544285,0.25728538022996544,-0.14617072656135133,-0.1800422062928541,0.12057218194601965,0.08609597951943403,-0.02265681752928277,-0.20202299638105264,-0.006234574217926093,-0.20150726023685495,0.05600286825093848,0.12827014601446868,-0.027976591045664297,0.36463778288718124,-0.09613234546886508,-0.14960167607735622,0.04938200712010495,0.04831949657374227,0.05028144751763506,-0.23115775555165774,-0.10971699873812293,-0.1623363211425933,0.012216436238990085,0.078111656260103,-0.033343857910785486,0.32018457164217745,-0.12352029137363257,-0.15639170996986732,0.08065702108302916,0.06957021938241623,0.018105186871557405,-0.24188298197741653,-0.06461275503853928,-0.18394412874069593,0.035812963621314725,0.10693039887976614,0.08389466966552075,0.2637042316964379,0.1550929996785943,0.08362707890835851,-0.10364754122927855,-0.03128553767255338,0.29291766612505366,-0.11395225243718497,-0.1542112762157891,0.10487532459196316,-0.013302238142827045,-0.07595081476039559,-0.06074432406756169,0.16914522649279448,0.15064759835290165,0.07618583856186048,0.16474278098448542,-0.026013146820197668,-0.044432629816723086,0.06960167279555264,-0.01785820693386849,0.06900717770641476,-0.1195350938338449,0.020170310024736366,0.06851802862607523,-0.029024024231131554,-0.15565660725049582,-0.29543000990989865,-0.054504632290904735,0.4726596853155557,-0.2116669182598365,-0.1185444631062241,-0.21832315432270982,-0.2791630735556159,-0.09039845979045258,-0.2799784712070358,-0.3573153378060339,-1.4661638786986528,6.440765799691168,-0.16842786454257566
11,-0.27417223331167995,0.9783216659776165,-0.4454877105176197,0.1290259276742932,0.2629986706237676,-0.3465613514057791,0.1011923077809432,0.40559001579366827,-0.3806479778969242,0.0684774362893509,0.688276012962466,-0.036123911509585376,0.28109942793937753,0.0321032421381698,0.3587752870586014,0.15727266121679426,0.23805713297090159,-0.32817542557887264,0.09908193570383844,0.3785311385183926,-0.39880173128634766,0.04781165523376862,0.6330118117950174,-0.08810029939751693,0.2018314601686908,-0.01497390986551414,0.37676201877771825,0.14512068982816909,0.25312284956105185,-0.34657932493610644,0.08483358560983176,0.4046905745958618,-0.40450411823142784,0.06188283698879312,0.6656874050493682,-0.054360275444093914,0.2442597265681571,0.009750258604551178,0.39554219543745794,0.15533748590284543,0.025861624109282833,0.1128665393569336,-0.04333707347702402,0.12279752985760056,0.0935273173998161,-0.034125760342295156,0.09876508862875183,-0.03704195152863799,-0.017435950269434796,-0.21033386428321602,0.0945737595235007,0.03510808975586481,-0.13472694262924037,-0.4394772030770459,0.17477504472446243,0.561413640900317,-0.022121460135493695,-0.11087756861680621,-0.5605325926632825,0.167000971413786,-0.0801382846089626,-0.1483081610187204,-0.10743141050818021,-0.07914551288062889,0.025881132328473094,-0.2182033048510232,0.02524091233586758,3.3844538920296854,-0.14709713068291705,-1.9769538219801834,-0.21166691825983652,-0.1185444631062241,-0.21832315432270982,-0.2791630735556159,-0.09039845979045258,-0.2799784712070358,2.7982824722869775,-1.4661638786986528,-0.15524073968189747,-0.16842786454257566
12,-0.19457077637701198,0.999061170461548,-0.7402998713739817,-0.22967446632071115,-0.14558840839065057,-0.18797052919007545,0.12533992106648084,-0.11134890490105998,0.050626966119313,0.20814065551670285,0.0063035385519290416,-0.06862669377279774,-0.02738845720966403,-0.03920104457308524,-0.1799801185867977,0.051641991237048504,-0.17608836874473735,-0.2539606003109864,0.07286181396150532,-0.18021308386405654,-0.0767190655746772,0.13743771671816624,-0.037973811429705205,-0.09442794761980991,-0.05281303279367912,-0.046795497974855285,-0.2525873339975033,0.004412126423463595,-0.1636938929389972,-0.2300576440526364,0.09927024036392743,-0.15332706857929837,-0.010874744368015764,0.17674178768067556,-0.015626648538379084,-0.08272597691651416,-0.04873024183491253,-0.04406444727444447,-0.23620390351591158,0.028555836396854627,-0.16265125088338742,-0.09587534821089436,-0.12922090329133976,-0.16940308403497942,-0.2586012294636019,-0.17310105654082722,-0.13965886947198802,-0.06364101204152156,-0.08455384476718374,-0.03127894950237819,-0.13669798507099584,-0.11632410824631186,-0.14669581791181166,0.09519282288194196,-0.09767091992370215,0.12271652894057475,0.024890312502112145,-0.13404750933798976,0.022772865125936723,0.18912755591099004,0.0358825836483536,-0.09489115580816762,0.04186905883284928,-0.02878029701461038,0.011621872164459951,0.14244845184387672,-0.021457099622311775,-0.29543000990989865,-0.14709713068291705,-1.9769538219801834,4.7237861026280585,-0.1185444631062241,-0.21832315432270982,-0.2791630735556159,0.43230876335272883,-0.2799784712070358,-0.3573153378060339,0.5309226574157333,-0.0006468364153412391,-0.16842786454257566
13,-0.026358486403072118,1.014686824524784,-0.5482946911605677,-0.270596639519745,-0.047042788346971294,-0.1525977723856313,0.07581645572798046,0.050055248969435265,-0.26897376141815554,0.11718254377635928,-0.10908451498732459,-0.03077584890517625,-0.008053874935102946,0.25909771331214737,-0.09918701475600442,0.1498677637183278,-0.04714557080912991,-0.2593704468924044,0.053598742232607306,0.1047371193622769,-0.223103005839434,0.13710709084578784,-0.07801778498498392,-0.012029560612177723,0.13876814551890165,0.23165382992133368,0.020858680652623626,0.14360693153973345,-0.042533352498556574,-0.21048285668163214,0.06476905809380006,0.10312612915094867,-0.25573762334539124,0.13100867979631553,-0.08977324997796254,-0.00888545455073956,0.06307550308963732,0.2438756317242735,-0.03834951648522858,0.14874423156242547,-0.06724662754196015,-0.2235405977111206,-0.049648919649652214,0.10119419542348519,0.09129116719357183,0.051389997247802896,0.01999265762569467,-0.003958933406721666,0.28072070681429023,-0.08588886854356968,0.10345552322818437,-0.018268464026068996,0.03566543330252758,0.06438528350176509,-0.20461210819887293,-0.05547405389415319,0.021301430557954658,0.1945488294290011,-0.24644829759857897,-0.244970235633378,-0.009367117907784916,-0.0683612390766645,-0.021668670424553362,0.0392943053691394,0.018862442009677096,-0.11111205111272134,0.007704986855395738,-0.29543000990989865,-0.14709713068291705,0.5057625705492819,-0.2116669182598365,-0.1185444631062241,-0.21832315432270982,-0.2791630735556159,-0.09039845979045258,-0.2799784712070358,-0.3573153378060339,-1.4661638786986528,6.440765799691168,-0.16842786454257566
14,-0.06543246245439138,1.014686824524784,-0.8587523214131842,-0.6353079216370848,-0.3272683954300936,-0.1645071930182834,-0.05913482587900638,-0.03382772686931296,-0.32055123731942503,0.4450817388825086,-0.2989787682489725,-0.05540149431578471,-0.031110984718768504,-0.09225277045821875,-0.291887831854807,0.0794826703084294,-0.33414828143282627,-0.21643625045643713,-0.11533148293485002,0.016614792837479235,-0.40586919731859816,0.4538466765845096,-0.30730148469710916,-0.041528808481440305,-0.058484032923910065,-0.1234952896136962,-0.3234807452030917,0.08376617420002845,-0.33164693249480004,-0.18726146648821942,-0.09058199038719182,-0.011948601676450395,-0.371858903896569,0.45513075348014725,-0.30352719381009025,-0.05529824143976845,-0.05574893314696511,-0.10989826766416654,-0.336197414464855,0.08211715867576018,-0.15089017851460312,-0.09905470187922619,-0.21914842409155189,0.14780849290249667,-0.06630710245006546,0.07390704489832758,-0.14359479095028216,0.006895316719543174,-0.07223760310983107,-0.1425628896982219,-0.03362215268950044,0.060221649605912336,-0.11522473964656073,0.06367430055919387,-0.07918311819852139,0.08243129221062133,0.05720555007916811,-0.03316709568462355,-0.2738754987018516,-0.16035345716025445,-0.004876955572311777,-0.08704749660576594,-0.037415598096225626,0.12879452303453895,-0.06722419038131366,0.026885187205745658,0.03935172013153821,-0.29543000990989865,6.797340248718006,-1.9769538219801834,-0.2116669182598365,-0.1185444631062241,-0.21832315432270982,-0.2791630735556159,-0.09039845979045258,-0.2799784712070358,-0.3573153378060339,0.5812693768135749,-0.15524073968189747,0.1177398579148337
15,0.0025840273957991686,-0.9853968955694296,0.4967302433584068,-0.14666991498359874,-0.04322277378673949,0.003334528966909913,-0.12543788280642643,0.013948155491075639,-0.0022087336704297396,0.04552179556657402,0.10820247000860088,-0.03438494277386947,0.3231610198703949,-0.09948591760645163,0.05487774799186678,-0.027735695190959,-0.06147066865113595,0.010378871616600232,-0.13286597049758997,-0.08147532782305286,-0.09070695832826037,0.022078182292251024,0.05440586141457932,-0.11211420921845676,0.2547988387205555,-0.10651633508965955,-0.004196565756650329,-0.04879301898617143,-0.05713116287572293,0.003418634713408201,-0.13202871046291506,-0.03643930599171535,-0.03724412718791287,0.02702874339154185,0.07965070889996838,-0.09726743659710564,0.29626158509295103,-0.10458369579536417,0.018105692469267548,-0.04034005840742349,-0.08437761321695277,0.02822879851086297,-0.04840630529442572,-0.18628033647483766,-0.1753281025271245,-0.06683948063238442,-0.14202241687347894,-0.1188092536159843,0.05972978267241322,-0.0522874862108052,-0.0708701877027229,-0.026786753084041087,-0.10089267746120331,0.12735977454202338,-0.13211321889517472,0.0568419959950723,0.07005786083669686,0.058658780521726385,-0.07642622514111583,0.09181666164052259,-0.05889421980941057,0.11270712867078178,0.06262763599561959,0.1684595895097217,0.02851711552175429,-0.044331006306525284,-0.1633093545707897,-0.29543000990989865,-0.14709713068291705,-1.9769538219801834,4.7237861026280585,-0.1185444631062241,-0.21832315432270982,-0.2791630735556159,-0.09039845979045258,-0.2799784712070358,-0.3573153378060339,0.6819628156092583,-0.15524073968189747,-0.16842786454257566
16,-0.7102942985398987,1.014686824524784,-0.5920609054659439,-0.06001858375195848,-0.016308691003957314,-0.2996346790621949,0.25506750707017917,0.004500340552391975,-0.357656227445413,-0.043332549593867974,0.25585847460206984,0.07029161990467789,0.11337722848916458,-0.35333069677132445,-0.37931638834985143,-0.10004752685490066,-0.014497673401767363,-0.23996391444237486,0.2232166816065255,-0.010354737791970475,-0.2565404795404037,-0.07660947305975521,0.2015817208296244,0.1424940904068931,-0.010713141708305448,-0.3718163418126564,-0.25255050625142245,-0.02744775505344617,-0.021392632373767206,-0.27544824850107963,0.24026875777025272,3.442802408195106e-05,-0.298246597721289,-0.048623284919538136,0.2256159083936554,0.11766684245706188,0.04933190880541093,-0.3654588721885468,-0.3756869384585559,-0.05454881688471326,-0.04682431668725546,0.13973662598567124,-0.0138563085788233,-0.06103707874385241,0.19242781126120448,-0.09673229771984587,-0.09300455358818008,0.1465331763847636,-0.1336165208989016,-0.1364037553380291,0.0975741730369187,-0.01043193452507148,0.0067054642706460285,-0.01680580925530275,-0.3663660801630718,-0.03161050798260092,-0.11853336915282751,0.014562356341235113,0.03873324394438669,0.05323508547153792,-0.3724152414572809,0.17185574981509952,-0.15864437849505755,-0.23215086562474696,0.06105587545584488,-0.21641161039354168,-0.11062747956473969,-0.29543000990989865,-0.14709713068291705,-1.9769538219801834,-0.21166691825983652,8.434550384407002,-0.21832315432270982,-0.2791630735556159,-0.09039845979045258,-0.2799784712070358,-0.3573153378060339,0.6819628156092583,-0.15524073968189747,-0.16842786454257566
17,-0.05498135078765289,-0.9853968955694296,-0.07647641001605474,-0.22213664195680086,0.023658494996915913,0.18584307663779367,-0.1834305227049589,-0.007888529725330825,-0.14744593760302505,0.1929931023865722,0.14390318524340262,0.2382644433370385,0.04407053450147327,-0.12360739117940658,-0.08665726641634348,0.02953817936825508,0.012646721299782606,0.2681343897038526,-0.17099460131695904,0.04965041850212433,-0.15440419623562346,0.15191912992835013,0.10829953899926903,0.17679738806374765,0.25095083900419524,-0.12265155435068689,-0.195983088271275,0.03310257648396238,0.013971145744730434,0.22920675299455043,-0.17678248359085466,0.011569735917257774,-0.14670583292861475,0.1766741551638397,0.12357374365738957,0.2397473771710526,0.18782993899492642,-0.12440536461547515,-0.16036835341168337,0.014128316784182974,-0.027058712424181734,0.10017720326063576,-0.0005700378912489787,0.12829072446169643,-0.008739671406972268,-0.05155219625378207,-0.052328637234126424,0.1511013875050873,0.294890675923545,-0.036548794621611674,-0.17242998221288258,0.012099646079717252,0.18097039420086333,0.0842862702176006,-0.0946360686190094,-0.0832898400072864,-0.056466801236009154,-0.09555507979073903,0.006796629568528808,0.0016303377255310583,-0.1775612194506007,-0.046934191255550546,0.013037800428052786,-0.05769115904002843,0.19084998823206845,-0.17541725067507302,0.26307439022941076,-0.29543000990989865,6.797340248718006,-1.9769538219801834,-0.21166691825983652,-0.1185444631062241,-0.21832315432270982,-0.2791630735556159,-0.09039845979045258,-0.2799784712070358,-0.3573153378060339,0.6819628156092583,-0.15524073968189747,-0.16842786454257566
18,-0.19225811484264924,1.014686824524784,-0.8443970259091418,-0.2708201745904162,-0.045165307923506856,-0.02020767556176207,0.12258406840409217,0.015147025947310022,-0.10359738495621441,0.0799125484819531,-0.18537707757620706,0.21370701301067008,0.016781023743819724,-0.028460174790608514,-0.003423938160024737,0.04959311009326693,-0.06654774983979107,-0.029579460381827537,0.0991502249894817,0.01571307600792316,-0.13634796043709974,0.050350861933636644,-0.1881974806850328,0.11028710538462437,-0.000958124883497276,-0.048142469997107425,-0.11113196130105372,0.016451235311174758,-0.05585257766680086,-0.0256503955613791,0.11099733041824593,0.011582007521399514,-0.11851567097407209,0.06758406492228755,-0.18648592879636336,0.17409006795921636,0.017502065311978177,-0.03896447361365636,-0.0581664443802185,0.03435719457602902,-0.06737767304245597,0.004883468299215056,-0.030917757182523976,0.020300309063614554,-0.02707382035539404,-0.0534466692126076,-0.07009167588946509,-0.0171651626721362,-0.033055316961439894,-0.11263435242414993,-0.16112704104019152,-0.059452634394245356,-0.17437852813510143,0.14739868073071455,0.11849650238382804,0.08657371837756828,0.05164818277091587,-0.04781911360817345,0.13808874141528382,-0.01536732089419998,-0.0376726596163593,-0.15625982879035602,0.13858199309149152,-0.008693968411274816,0.027287042563128194,0.0775027820416777,-0.06357923395644467,-0.29543000990989865,-0.14709713068291705,-1.9769538219801834,-0.21166691825983652,-0.1185444631062241,4.579767317689028,-0.2791630735556159,-0.09039845979045258,-0.2799784712070358,-0.3573153378060339,0.6819628156092583,-0.15524073968189747,-0.16842786454257566
19,-0.37877026151059606,-0.9853968955694296,0.21695345409038602,0.008653795716893153,-0.1534013619040425,0.07364566912540613,0.054637697120309685,-0.15208783233286421,-0.029088954097416075,0.01413621937408029,-0.011077486044575367,-0.17865775583463078,0.15102942281901607,-0.2298327328504553,-0.0804612370176101,-0.02837191645308237,-0.12512830267954578,0.08533299662560245,0.05230552604551054,-0.13091995304450227,-0.0457861872595782,0.026619045469487252,0.015712868873401953,-0.13943063988703644,0.14726516243643809,-0.24777628054015918,-0.13171017264960105,-0.04340043855464812,-0.1368208222281091,0.07838034586089872,0.05708595333005541,-0.1443893731421458,-0.038644692776939805,0.01866794783129401,0.0012974187388114697,-0.18550206655738025,0.15264039443227195,-0.2410590770415063,-0.10654693849761526,-0.039233715313620014,0.0563585014418052,0.039129880240937914,-0.0067229031433012785,-0.027248356050043703,-0.042269831480304255,0.01876731567497599,0.07012385433188234,-0.06072608173262951,0.09719658326326155,-0.1252649315127235,-0.13060025415214077,-0.03735858392286743,0.08319164366142257,0.09853719255817532,0.0038196897149328085,0.1449649494907524,0.006637988989839721,0.03291784394655142,-0.041369020629297835,0.037407592335122065,-0.023308031248060114,-0.14898845466807448,-0.06126187520204187,0.008833460350404271,0.0015439733924916433,0.05188416385209167,0.0669007200411898,-0.29543000990989865,-0.14709713068291705,-1.9769538219801832,-0.2116669182598365,-0.1185444631062241,4.579767317689028,-0.2791630735556159,-0.09039845979045258,-0.2799784712070358,-0.3573153378060339,0.6819628156092583,-0.15524073968189747,-0.16842786454257566
20,0.07546718989871053,-0.9853968955694296,0.46814496412004203,0.06049750147867769,0.09741361933930319,0.032839867087506906,0.032566458685552274,-0.0461408499782182,0.10125054321254473,0.009976065217054221,0.09505954183665305,-0.009537823895386528,-0.14384853957710939,-0.040144283471860734,0.004788494719122523,-0.016044867189331413,0.10685212787774162,0.04708784864506773,0.04103109440808435,-0.043251363629134586,0.13091129082229558,0.012373161726917676,0.09144864044243747,0.028800201808215062,-0.08041161422141356,-0.02664316805085728,0.043403666079494065,-0.057657105244392694,0.10072262126826156,0.03640285726587259,0.034963621884085916,-0.04272330886755872,0.11521818990248912,0.013463130292178632,0.09111842821880609,0.017031130730026534,-0.10794431246207295,-0.0333203275776575,0.023871027839555494,-0.03964325090626407,0.06311184989498463,0.023113112703012067,0.04042604134341433,-0.03279655682075034,0.007204269375242605,0.0033323870510842332,0.012286235851458358,0.02395118525870251,0.009673213433742837,0.03613259797703587,0.06596866851508695,-0.09464993233266465,0.06449729327018819,-0.026378018550125486,0.07644204766917759,-0.0035766171336059677,0.031648660535259915,-0.05650204703827324,0.03377401859789717,-0.03246279091071884,0.09682246773380244,0.03107770104377825,0.07174812213021639,-0.006364510831661683,-0.03678221202129061,-0.011520614255190588,0.03767889815035148,-0.29543000990989865,-0.14709713068291705,0.49496815145132766,-0.21166691825983652,-0.08135709420399269,-0.21832315432270982,-0.2791630735556159,-0.09039845979045258,3.5712361830940607,-0.3573153378060339,-1.4661638786986528,-0.15524073968189747,-0.16842786454257566
21,0.029074774802263347,1.014686824524784,-0.5633579104982277,-0.27410049536755104,-0.09596899587197061,-0.2559164401875566,-0.12233121910163579,-0.14151451351999453,0.020048280157946737,0.18084329568193258,-0.2049766364402058,-0.06056026006142806,-0.17011016190873104,0.1443622343014567,-0.16882780351885177,0.037058778390134245,-0.0695727815839421,-0.19445228791538807,-0.05336765045132207,-0.1155430799943322,0.011054302890368364,0.199992131772202,-0.17912906589507172,0.0889994079064254,-0.12949481716332217,0.16723869018308288,-0.07164034158704889,0.04127056391531073,-0.08165932742625835,-0.22892885067604926,-0.08967882999102067,-0.13929397792645218,0.01483293077154856,0.1980561753614742,-0.19321245728591377,0.03886228149616106,-0.152231238442149,0.15637423325989666,-0.12762378223884605,0.04014315342062206,0.10326736495269599,0.17531965836038377,0.17995313284477324,-0.0176436841051202,-0.02606655998855438,0.05530583042020015,0.018467458049860646,0.16440489818573417,-0.029841414676830463,0.1274758461904835,0.14503222280088032,0.055812403747832084,0.00950201651273276,0.1642608090031572,0.07330666722158365,0.0579461349949566,0.05423626986751071,-0.007985687376528095,0.10965766445434626,0.06468411265997016,0.0483511207775558,0.09196691960170635,0.01382734145991109,-0.06966198996372597,-0.03398741542064362,0.018750652719039553,-0.01682290476575262,-0.29543000990989865,-0.14709713068291705,0.5057625705492819,-0.2116669182598365,-0.11854446310622409,-0.21832315432270985,-0.2791630735556159,-0.09039845979045258,3.57123618309406,-0.3573153378060339,-1.4661638786986526,-0.15524073968189747,-0.16842786454257566
22,-0.24449880673015814,-0.07307800570189356,0.2542960805925564,-0.03188154857831309,0.3050693927299501,-0.17901741407189162,0.019078608569615834,-0.12983467937787221,0.010788014125921633,-0.040523925546562097,0.4982725870891488,-0.03293000946012095,-0.1420240183900383,0.13971487137583063,-0.018403110987138097,-0.0033183468128044633,0.3184863328620471,-0.19096783650234814,-0.007087536491545088,-0.01810921489717992,0.20678451489982783,-0.0008787469233458895,0.4445404751932314,0.12477406335218291,-0.0317684747207783,0.09697946815302182,-0.04054674018108916,-0.000996820750262384,0.31703380709574036,-0.19027614067589899,0.005218201671332684,-0.061073854775451956,0.10719141334683062,-0.019576898741641688,0.4796702602702303,0.042028890153173556,-0.09372144800398463,0.12079503471702661,-0.020626431631648557,0.001746143767040259,0.0963698321802808,-0.020085393320957608,-0.08650616580666196,0.2094531531871564,0.27794968029436895,0.05369532948239415,-0.010130706829182845,0.1486325536034211,0.10320285656774261,-0.1531847942025001,-0.020446809855244833,0.027322770656599965,-0.00514260139509,0.1878659180217922,0.0687761330126237,0.050022466939131364,0.268614357372566,-0.14070102819159347,0.15586057473257645,-0.03217327003421982,-0.1235107263269507,-0.012825906043435526,0.10845678116288526,-0.15797375605155045,0.30230015793738557,0.17172649607307117,-0.011339595767689687,3.3844538920296854,-0.14709713068291705,-1.9769538219801834,-0.2116669182598365,-0.1185444631062241,-0.21832315432270982,-0.2791630735556159,-0.09039845979045258,3.5712361830940607,-0.3573153378060339,-1.4661638786986528,-0.15524073968189747,-0.16842786454257566
